{
  "IcoMoonType": "selection",
  "icons": [
    {
      "icon": {
        "paths": [
          "M888.832 783.701c-66.901-30.037-144.725-86.016-286.72-103.765 42.325-32.768 62.805-101.035 99.669-193.877 0-1.365 1.365-2.731 1.365-4.096 8.192 1.365 16.384 1.365 23.211-2.731 16.384-10.923 27.307-68.267 27.307-96.939 0-42.325-20.48-38.229-20.48-38.229s0 0-1.365 0c0-2.731 0-6.827 0-9.557 0-38.229 8.192-102.4-2.731-139.264-15.019-54.613-36.864-98.304-73.728-114.688-49.152-20.48-118.784-77.824-141.995-77.824-27.307 0-99.669 57.344-141.995 79.189-35.499 19.115-58.709 60.075-73.728 114.688-9.557 35.499-2.731 98.304-2.731 139.264 0 2.731 0 6.827 0 9.557-1.365 0-1.365 0-1.365 0s-21.845-4.096-20.48 38.229c0 28.672 10.923 86.016 27.307 96.939 6.827 4.096 15.019 4.096 23.211 2.731 0 1.365 1.365 2.731 1.365 4.096 36.864 92.843 55.979 161.109 98.304 193.877-140.629 17.749-218.453 75.093-283.989 103.765-133.803 60.075-135.168 125.611-135.168 125.611v110.592h1018.539v-110.592c1.365 0 1.365-66.901-133.803-126.976z"
        ],
        "attrs": [
          {
          }
        ],
        "isMulticolor": false,
        "grid": 10,
        "tags": [
          "customer"
        ]
      },
      "attrs": [
        {
        }
      ],
      "properties": {
        "order": 3,
        "id": 28,
        "prevSize": 5,
        "code": 58885,
        "name": "customer"
      },
      "setIdx": 0,
      "setId": 0,
      "iconIdx": 0
    },
    {
      "icon": {
        "paths": [
          "M61.44 204.8h901.12v102.4h-901.12v-102.4z",
          "M61.44 450.56h901.12v102.4h-901.12v-102.4z",
          "M61.44 716.8h901.12v102.4h-901.12v-102.4z"
        ],
        "attrs": [
          {
          },
          {
          },
          {
          }
        ],
        "isMulticolor": false,
        "colorPermutations": {
          "6868681": [
            0,
            0,
            0
          ]
        },
        "tags": [
          "hamburger"
        ],
        "grid": 10
      },
      "attrs": [
        {
        },
        {
        },
        {
        }
      ],
      "properties": {
        "order": 43,
        "id": 7,
        "prevSize": 5,
        "code": 58881,
        "name": "hamburger"
      },
      "setIdx": 0,
      "setId": 0,
      "iconIdx": 1
    },
    {
      "icon": {
        "paths": [
          "M61.44 450.56h901.12v102.4h-901.12v-102.4z"
        ],
        "attrs": [
          {
          }
        ],
        "isMulticolor": false,
        "colorPermutations": {
          "6868681": [
            0
          ]
        },
        "tags": [
          "minus"
        ],
        "grid": 10
      },
      "attrs": [
        {
        }
      ],
      "properties": {
        "order": 42,
        "id": 6,
        "prevSize": 5,
        "code": 58882,
        "name": "minus"
      },
      "setIdx": 0,
      "setId": 0,
      "iconIdx": 2
    },
    {
      "icon": {
        "paths": [
          "M942.080 450.56h-389.12v-389.12h-102.4v389.12h-409.6v122.88h409.6v389.12h102.4v-389.12h389.12z"
        ],
        "attrs": [
          {
          }
        ],
        "isMulticolor": false,
        "colorPermutations": {
          "6868681": [
            0
          ]
        },
        "tags": [
          "plus"
        ],
        "grid": 10
      },
      "attrs": [
        {
        }
      ],
      "properties": {
        "order": 41,
        "id": 5,
        "prevSize": 5,
        "code": 58883,
        "name": "plus"
      },
      "setIdx": 0,
      "setId": 0,
      "iconIdx": 3
    },
    {
      "icon": {
        "paths": [
          "M860.16 798.72l-266.24-286.72 266.24-286.72-61.44-61.44-286.72 266.24-286.72-266.24-61.44 61.44 266.24 286.72-266.24 286.72 61.44 61.44 286.72-266.24 286.72 266.24z"
        ],
        "attrs": [
          {
          }
        ],
        "isMulticolor": false,
        "colorPermutations": {
          "6868681": [
            0
          ]
        },
        "tags": [
          "x"
        ],
        "grid": 10
      },
      "attrs": [
        {
        }
      ],
      "properties": {
        "order": 40,
        "id": 4,
        "prevSize": 5,
        "code": 58884,
        "name": "x"
      },
      "setIdx": 0,
      "setId": 0,
      "iconIdx": 4
    },
    {
      "icon": {
        "paths": [
          "M880.64 307.2c-20.48-184.32-204.8-266.24-409.6-245.76-143.36 20.48-307.2 143.36-307.2 327.68 0 102.4 20.48 184.32 122.88 204.8 40.96-81.92-20.48-102.4-20.48-143.36-40.96-225.28 266.24-389.12 430.080-225.28 102.4 122.88 40.96 450.56-143.36 430.080-163.84-40.96 81.92-307.2-61.44-368.64-102.4-40.96-163.84 143.36-122.88 225.28-40.96 143.36-102.4 286.72-61.44 491.52 81.92-61.44 122.88-184.32 143.36-307.2 40.96 20.48 61.44 61.44 122.88 61.44 204.8-20.48 327.68-245.76 307.2-450.56z"
        ],
        "attrs": [
          {
          }
        ],
        "isMulticolor": false,
        "colorPermutations": {
          "6868681": [
            0
          ]
        },
        "tags": [
          "pinterest"
        ],
        "grid": 10
      },
      "attrs": [
        {
        }
      ],
      "properties": {
        "order": 39,
        "id": 3,
        "prevSize": 5,
        "code": 58888,
        "name": "pinterest"
      },
      "setIdx": 0,
      "setId": 0,
      "iconIdx": 5
    },
    {
      "icon": {
        "paths": [
          "M593.92 1003.52v-450.56h143.36l20.48-163.84h-163.84v-102.4c0-40.96 20.48-81.92 81.92-81.92h81.92v-163.84c-20.48 0-61.44 0-143.36 0-122.88 0-225.28 81.92-225.28 225.28v122.88h-143.36v163.84h143.36v450.56h204.8z"
        ],
        "attrs": [
          {
          }
        ],
        "isMulticolor": false,
        "colorPermutations": {
          "6868681": [
            0
          ]
        },
        "tags": [
          "facebook"
        ],
        "grid": 10
      },
      "attrs": [
        {
        }
      ],
      "properties": {
        "order": 38,
        "id": 2,
        "prevSize": 5,
        "code": 58889,
        "name": "facebook"
      },
      "setIdx": 0,
      "setId": 0,
      "iconIdx": 6
    },
    {
      "icon": {
        "paths": [
          "M163.84 307.2c0 0 327.68 430.080 327.68 430.080 20.48 0 348.16-430.080 348.16-430.080h-675.84z"
        ],
        "attrs": [
          {
          }
        ],
        "isMulticolor": false,
        "colorPermutations": {
          "6868681": [
            0
          ]
        },
        "tags": [
          "arrow-down"
        ],
        "grid": 10
      },
      "attrs": [
        {
        }
      ],
      "properties": {
        "order": 36,
        "id": 1,
        "prevSize": 5,
        "code": 58887,
        "name": "arrow-down"
      },
      "setIdx": 0,
      "setId": 0,
      "iconIdx": 7
    },
    {
      "icon": {
        "paths": [
          "M969.527 284.891c-7.351-8.942-17.902-10.606-28.16-10.606-0.037 0-0.091 0-0.128 0l-594.395-54.857c-13.915 0-21.358 4.571-25.161 9.216-4.023 4.901-8.174 13.458-4.791 29.934l103.241 292.114c8.32 20.827 32.859 34.45 54.674 34.45h430.117c22.162 0 43.721-14.592 48.183-37.138l24.759-234.057c2.286-11.319-0.768-19.84-8.338-29.056z",
          "M875.886 640h-483.712l-137.179-429.184c0 0-14.007-40.997-18.542-54.199-7.058-20.517-14.958-28.617-35.602-28.617-20.37 0-153.527 0-153.527 0-21.065 0-38.309 15.506-38.309 36.571s17.243 36.571 38.309 36.571h123.557l153.691 485.358c6.473 19.438 15.104 26.642 48.256 26.642s503.040 0 503.040 0c21.065 0 38.309-15.506 38.309-36.571 0.018-21.065-17.225-36.571-38.29-36.571z",
          "M533.723 830.976c0 42.355-34.335 76.69-76.69 76.69s-76.69-34.335-76.69-76.69c0-42.355 34.335-76.69 76.69-76.69s76.69 34.335 76.69 76.69z",
          "M862.866 830.976c0 42.355-34.335 76.69-76.69 76.69s-76.69-34.335-76.69-76.69c0-42.355 34.335-76.69 76.69-76.69s76.69 34.335 76.69 76.69z"
        ],
        "width": 1006,
        "attrs": [
          {
          },
          {
          },
          {
          },
          {
          }
        ],
        "isMulticolor": false,
        "colorPermutations": {
          "6868681": [
            0,
            0,
            0,
            0
          ]
        },
        "tags": [
          "cart"
        ],
        "grid": 10
      },
      "attrs": [
        {
        },
        {
        },
        {
        },
        {
        }
      ],
      "properties": {
        "order": 6,
        "id": 4,
        "name": "cart",
        "prevSize": 5,
        "code": 58880
      },
      "setIdx": 0,
      "setId": 0,
      "iconIdx": 8
    },
    {
      "icon": {
        "paths": [
          "M428.714 390.314v-23.552h-90.454v112.98h90.452v-23.212h-63.488v-22.528h61.782v-23.212h-61.782v-20.48zM556.032 397.142c0-12.63-5.12-20.14-13.654-24.918-8.876-5.12-18.774-5.462-32.768-5.462h-62.122v113.322h26.964v-41.3h29.012c9.898 0 15.7 1.024 19.796 4.778 4.778 5.462 4.438 15.36 4.438 22.188v14.336h27.308v-22.188c0-10.24-0.682-15.020-4.438-20.822-2.39-3.414-7.51-7.168-13.312-9.558 6.826-3.072 18.774-12.288 18.774-30.38zM520.534 413.184c-3.754 2.39-8.192 2.39-13.312 2.39h-32.768v-25.26h33.452c4.778 0 9.558 0.342 12.972 2.048s5.802 5.12 5.802 9.9c-0.342 5.12-2.39 8.876-6.144 10.924zM66.218 454.828h56.32l10.24 25.26h54.954v-88.748l39.252 88.748h23.894l39.254-88.748v88.748h27.648v-113.322h-44.714l-32.426 76.8-35.498-76.8h-44.032v107.178l-46.080-107.178h-40.278l-45.396 105.812v7.168h26.284l10.58-24.918zM94.208 385.876l18.432 45.056h-36.864l18.432-45.056zM668.672 390.998h25.6v-24.236h-26.284c-18.774 0-32.428 4.096-40.96 13.312-11.606 12.288-14.678 27.308-14.678 44.374 0 20.48 4.778 33.452 14.336 43.348 7.51 10.24 21.164 13.996 39.254 12.63h31.744l10.24-25.26h56.32l10.582 25.26h54.956v-84.992l51.2 84.992h38.23v-113.322h-27.648v78.848l-47.446-78.848h-41.302v107.178l-45.74-107.178h-40.278l-38.23 89.088h-12.288c-7.168 0-14.678-1.366-18.774-5.802-5.12-5.802-7.51-14.336-7.51-26.624 0-11.948 3.072-20.822 7.85-25.6 5.462-5.802 10.924-7.168 20.822-7.168zM736.256 385.876l18.774 45.056h-37.206l18.432-45.056zM571.732 366.762h27.648v113.322h-27.648v-113.322zM672.086 592.042c0-12.972-5.462-20.14-13.996-25.26-8.876-4.778-18.774-5.462-32.428-5.462h-62.464v113.322h27.308v-41.302h29.014c9.9 0 16.044 1.024 19.798 5.12 5.12 5.12 4.438 15.36 4.438 22.188v13.996h27.308v-22.528c0-9.9-0.682-15.020-4.438-20.822-2.39-3.414-7.168-7.168-13.312-9.558 6.486-2.39 18.774-11.606 18.774-29.696zM636.586 608.084c-3.754 2.048-8.192 2.39-13.312 2.39h-32.768v-25.26h33.452c4.778 0 9.558 0 12.972 2.048 3.414 1.706 5.462 5.462 5.462 10.24s-2.39 8.534-5.802 10.582zM504.832 561.664h-86.356l-34.476 37.206-33.452-37.206h-108.544v113.322h107.178l34.476-37.548 33.452 37.548h52.564v-37.888h33.792c23.552 0 47.104-6.486 47.104-37.888-0.342-31.744-24.236-37.548-45.738-37.548zM335.19 651.094h-66.218v-22.528h59.392v-23.212h-59.392v-20.48h67.926l29.696 33.11-31.404 33.11zM442.71 664.406l-41.642-46.080 41.644-44.716v90.794zM504.49 613.888h-34.816v-28.672h35.156c9.898 0 16.384 4.096 16.384 13.996 0 9.558-6.486 14.678-16.726 14.678zM777.216 584.874v-23.212h-90.112v112.98h90.112v-23.552h-63.148v-22.528h61.78v-23.212h-61.78v-20.48zM988.5 617.984v0c-0.682-1.024-1.366-2.048-2.39-2.73-6.144-6.144-16.044-8.876-30.72-9.216l-14.678-0.342c-4.438 0-7.51-0.342-10.582-1.366-3.414-1.366-5.802-4.096-5.802-8.534 0-3.754 1.024-6.144 4.096-8.192 2.73-1.706 6.144-2.048 10.924-2.048h49.152v-24.236h-53.932c-28.332 0-38.912 17.408-38.912 33.792 0 35.84 31.744 34.134 57.004 35.158 4.778 0 7.51 0.682 9.558 2.39s3.414 4.096 3.414 7.51c0 3.072-1.366 5.462-3.072 7.51-2.048 2.048-5.802 2.73-10.924 2.73h-51.884v24.236h52.224c17.408 0 30.038-4.778 36.864-14.336v0 0c3.754-5.462 5.802-12.63 5.802-21.164-0.342-9.9-2.39-16.044-6.144-21.164zM948.908 696.832h-69.972v-10.24c-8.192 6.486-22.87 10.24-36.864 10.24h-220.842v-36.524c0-4.438-0.342-4.778-4.778-4.778h-3.414v41.302h-72.704v-42.668c-12.288 5.12-25.942 5.802-37.548 5.462h-8.534v37.548h-88.064l-21.846-24.576-22.87 24.576h-144.044v-158.038h145.75l20.822 24.236 22.188-24.236h97.62c11.264 0 29.696 1.024 38.23 9.216v-9.216h87.38c8.192 0 25.942 1.706 36.524 9.216v-9.216h132.096v9.216c6.486-6.144 20.48-9.216 32.428-9.216h74.068v9.216c7.85-5.462 18.774-9.216 33.792-9.216h50.176v-525.996h-959.148v398.336l29.356-67.242h70.656l9.216 18.774v-18.774h82.604l18.092 40.618 17.75-40.62h262.486c11.948 0 22.528 2.39 30.38 9.216v-9.216h72.020v9.216c12.288-6.826 27.648-9.216 45.056-9.216h104.106l9.558 18.774v-18.774h77.14l10.582 18.774v-18.774h75.092v157.696h-75.776l-14.336-23.894v23.894h-94.89l-10.24-25.26h-23.212l-10.582 25.26h-49.152c-19.456 0-33.792-4.438-43.35-9.558v9.558h-116.736v-35.84c0-5.12-1.024-5.462-4.096-5.462h-4.438v41.302h-225.962v-19.456l-8.192 19.456h-47.104l-8.192-19.456v19.116h-90.796l-10.24-25.26h-23.21l-10.582 25.26h-43.008v476.844h958.804v-289.452c-10.582 5.802-24.918 7.85-39.254 7.85zM845.824 650.41h-52.564v24.236h52.566c27.308 0 42.326-11.264 42.326-35.84 0-11.606-2.73-18.432-8.192-23.894-6.144-6.144-16.044-8.876-31.062-9.216l-14.678-0.342c-4.438 0-7.51-0.342-10.582-1.366-3.414-1.366-5.802-4.096-5.802-8.534 0-3.754 1.024-6.144 4.096-8.192 2.73-1.706 5.802-2.048 10.924-2.048h49.494v-24.236h-54.272c-28.332 0-38.572 17.408-38.572 33.792 0 35.84 31.744 34.134 57.004 35.158 4.778 0 7.51 0.682 9.558 2.39 1.706 1.706 3.414 4.096 3.414 7.51 0 3.072-1.366 5.462-3.072 7.51-1.706 2.39-5.462 3.072-10.582 3.072z"
        ],
        "attrs": [

        ],
        "isMulticolor": false,
        "tags": [
          "american_express"
        ],
        "defaultCode": 65,
        "grid": 10
      },
      "attrs": [

      ],
      "properties": {
        "id": 0,
        "order": 1,
        "prevSize": 5,
        "code": 65,
        "name": "american_express"
      },
      "setIdx": 0,
      "setId": 0,
      "iconIdx": 9
    },
    {
      "icon": {
        "paths": [
          "M349 198.4q96 0 177.5 46.5t129 127 47.5 175.5q0 96-46.5 177.5t-127 129.5-175.5 48q-96 0-177.5-46.5t-129-127-47.5-176.5 46.5-177.5 127-129 175.5-47.5zM356 702.4q49 13 85 1.5t51-53.5q22-63-35-93 43-10 50-57 9-59-77-89l16-64-39-9-15 61q-6-1-16.5-3.5t-14.5-3.5l15-62-38-10-16 63q-9-1-25-5v-1l-53-13-10 41 28 7q19 5 17 23l-18 72-26 101q-3 13-17 10l-28-8-20 45 51 12q9 3 27 7l-16 65 38 9 16-63q25 7 31 8l-16 63 39 10zM902 472.4q9-4 23-8 12-3 24-3 28 0 47 10 20 9 33 26 11 14 20 38 6 22 6 48 0 40-15 74-13 34-39 61-24 25-59 41-34 15-74 15-1 0-7-0.5t-11-0.5q-7 0-29-2-22-4-35-7-21-5-35-13l99-412 87-13zM1261 374.4q0 10-5 22-4 9-13 18-7 8-18 12-9 5-23 5-18 0-31-10-15-10-15-33 0-10 5-22 4-9 13-18 8-7 18-12 12-5 23-5 16 0 32 11 14 11 14 32zM2142 421.4q-14-10-14-33 0-13 5-22 5-10 12-18 10-8 19-12 12-5 22-5 16 0 32 11 14 11 14 32 0 10-5 22-4 11-12 18-10 8-19 12-9 5-22 5-19 0-32-10zM1385 467.4h95l-17 69h-94l-25 105q-4 18-4 24-1 11 3 20 3 9 12 13 8 4 25 4 9 0 27-2 8-2 26-8l6 65q-24 8-37 11-17 4-47 4-40 0-61-11-21-12-30-32-10-18-8-46 0-25 8-55l55-235 88-14zM350 438.4q2 0 6 1 12 3 19.5 5t21 7 20.5 10.5 12 15.5 2 22q-2 9-7.5 15t-14 8-15.5 3-18.5-0.5-17-2.5-16-4-11.5-3zM1714 543.4q-13-5-23-8-11-4-30-4-43 0-67 28-24 30-24 78 0 29 12 47 13 18 46 18 17 0 32-3 22-7 27-9l6 68q-17 7-34 11-22 5-47 5-34 0-59-11-22-8-41-27-17-20-22-41-8-24-8-48 0-36 13-73 12-34 36-60 21-24 56-40 33-15 74-15 23 0 46 5 15 3 36 13zM1997 494.4q14 16 22 39 7 21 7 49 0 37-10 68-13 38-32 62-21 27-53 44-32 18-73 18-31 0-52-10-24-10-36-25-14-16-22-39-8-24-8-50 0-33 12-68 11-34 32-61t53-44q31-18 71-18 29 0 52 9 21 8 37 26zM2278 481.4q2-1 5-1.5t5.5-1.5 5.5-2 5-2l26-6q15-3 33-6 12-1 40-1 69 0 92 38 25 39 9 106l-39 161h-84l37-158q4-21 5-29 3-13 0-24-1-10-10-17-11-7-26-7-11 0-33 4l-55 231h-85zM1148 467.4h85l-72 299h-83zM2120 467.4h84l-71 299h-84zM261 507.4l4 1q-2 0-4-1zM847 702.4q5 0 6 1h6q2 1 6 1h11q20 0 37-10 17-9 30-26 12-14 21-36 7-24 7-43 0-27-9-42-9-16-34-16-8 0-20 3t-23 12zM1938 628.4q4-17 4-37 0-28-9-45-9-15-33-15-19 0-33 11t-23 27q-11 17-15 36-5 22-5 37 0 29 9 45 10 15 33 15 19 0 33-11 15-10 24-26.5t15-36.5zM321 554.4q2 0 9.5 2t12 3l13.5 3t14 4.5 14 6 13 6.5 10.5 8 8 10 4 12-1.5 14q-2 10-8.5 16.5t-16.5 8.5-18.5 3-22-1-20-3-19.5-4.5-14-3.5z"
        ],
        "width": 2506,
        "attrs": [

        ],
        "isMulticolor": false,
        "tags": [
          "bitcoin"
        ],
        "defaultCode": 66,
        "grid": 10
      },
      "attrs": [

      ],
      "properties": {
        "id": 1,
        "order": 2,
        "prevSize": 5,
        "code": 66,
        "name": "bitcoin"
      },
      "setIdx": 0,
      "setId": 0,
      "iconIdx": 10
    },
    {
      "icon": {
        "paths": [
          "M716 659.4q-29 95-101 164 98 79 223 79 95 0 176.5-47t128.5-128.5 47-176.5q0-71-28-136.5t-75-112.5-112.5-75-136.5-28q-125 0-223 79 72 69 101 164h-28q-27-82-93-146-66 63-92 146h-29q27-93 99-164-99-79-221-79-95 0-176.5 47t-128.5 128.5-47 176.5 47 176.5 128.5 128.5 176.5 47q122 0 221-79-72-71-99-164h29q26 83 92 146 66-64 93-146h28zM369 445.4q-2 14-8 37-48-22-84 0-32 25-29 70 3 22 24 33 31 10 71-8-1 6-3 14.5t-3.5 15-3.5 11.5q-47 14-87 1-20-7-34.5-24.5t-15.5-37.5q-4-21 1.5-42t19.5-38.5 34-27.5q49-24 118-4zM551 516.4q-5-1-10 0.5t-9.5 4.5-8 7-5.5 9q-4 9-7 21.5t-5 21.5-5 23.5-4 21.5h-53l2-10q3-15 14-63.5t15-74.5h45q0 1-3 23l7.5-7.5t11.5-10 14.5-5.5 23.5-1l-15 42zM673 518.4l-8-2q-18-3-32 21-5 9-8.5 21.5t-5 21.5-4.5 23.5-4 21.5h-53l3-10q3-15 9-43.5t10.5-51.5 7.5-43h46q1 9-3 23l8-8t11.5-10 15-5.5 23.5-0.5zM864 592.4q24 6 46 6 28 0 28-13 0-6-4-9t-19-9q-39-13-39-42 0-11 4-19.5t13-15.5 24-11 36-4q32 0 46 3l-8 34q-13-1-36-1-26 0-26 11 0 6 4 9t20 8q36 13 36 42 0 50-79 50-6 0-28-2-11 0-14-1l-9-1h-3zM442 477.4l-30 148h-51l30-148h51zM838 587.4l-6 38h-47l4-24q-25 28-57 28-22 0-34.5-14.5t-12.5-36.5q0-1 4-31l14-69h50l-14 69q0 2-2 9.5t-2 12.5q0 7 6.5 12.5t15.5 4.5q31 0 39-40l14-68h52z"
        ],
        "width": 1190,
        "attrs": [

        ],
        "isMulticolor": false,
        "tags": [
          "cirrus"
        ],
        "defaultCode": 67,
        "grid": 10
      },
      "attrs": [

      ],
      "properties": {
        "id": 2,
        "order": 3,
        "prevSize": 5,
        "code": 67,
        "name": "cirrus"
      },
      "setIdx": 0,
      "setId": 0,
      "iconIdx": 11
    },
    {
      "icon": {
        "paths": [
          "M1157 748.4q-56 25-104 25-95 0-160-64.5t-65-159.5q0-92 66.5-157.5t160.5-65.5q53 0 102 26v98q-49-48-104-48-59 0-99.5 43t-40.5 104q0 65 40.5 106t103.5 41q54 0 100-46v98zM743 433.4q-30-34-68-34-27 0-44.5 13.5t-17.5 33.5q0 17 13.5 28.5t50.5 24.5q72 26 98 54.5t26 79.5q0 62-41.5 101t-106.5 39q-93 0-148-81l54-52q30 57 91 57 28 0 46.5-17t18.5-43q0-27-25-44-14-9-58-24-58-22-81.5-48t-23.5-71q0-52 38.5-87t94.5-35q71 0 126 49zM1417 328.4q96 0 161.5 64.5t65.5 157.5-66 158-161 65q-98 0-163.5-64t-65.5-161q0-92 67-156t162-64zM122 335.4q101 0 165.5 60t64.5 154q0 47-20 90.5t-57 74.5q-62 50-153 50h-122v-429h122zM390 335.4h84v429h-84v-429zM1948 335.4h91l-186 439h-44l-181-439h90l114 288zM2076 335.4h237v73h-153v95h147v72h-147v116h153v73h-237v-429zM2492 335.4q72 0 111 33t39 94q0 49-24.5 80t-71.5 41l134 181h-102l-116-174h-10v174h-84v-429h124zM2476 532.4q81 0 81-66 0-63-81-63h-24v129h24zM107 691.4q76 0 113-34 22-20 34.5-48.5t12.5-59.5q0-65-47-106-38-35-113-35h-23v283h23z"
        ],
        "width": 2680,
        "attrs": [

        ],
        "isMulticolor": false,
        "tags": [
          "discover"
        ],
        "defaultCode": 68,
        "grid": 10
      },
      "attrs": [

      ],
      "properties": {
        "id": 3,
        "order": 4,
        "prevSize": 5,
        "code": 68,
        "name": "discover"
      },
      "setIdx": 0,
      "setId": 0,
      "iconIdx": 12
    },
    {
      "icon": {
        "paths": [
          "M685.29 335.58q0-107.858-91.040-183.822t-218.616-75.964-218.036 75.964-90.462 183.822v346.77q0 20.876 19.136 36.532t45.81 15.656h168.166v168.166q0 26.674 22.036 45.23t53.348 18.556 53.93-18.556 22.616-45.23v-168.166h169.326q26.674 0 45.23-15.656t18.556-36.532v-346.77z"
        ],
        "width": 752,
        "attrs": [

        ],
        "isMulticolor": false,
        "tags": [
          "fancy"
        ],
        "defaultCode": 70,
        "grid": 10
      },
      "attrs": [

      ],
      "properties": {
        "id": 4,
        "order": 5,
        "prevSize": 5,
        "code": 70,
        "name": "fancy"
      },
      "setIdx": 0,
      "setId": 0,
      "iconIdx": 13
    },
    {
      "icon": {
        "paths": [
          "M709.794 185.090q38.88 81 61.56 175.77 21.060 93.15 21.060 190.35 0 98.010-21.87 191.16-11.34 43.74-12.15 47.79-21.87 79.38-50.22 130.41-11.34 20.25-31.59 32.4t-44.55 12.15q-20.25 0-36.45-8.1-38.070-19.44-46.17-59.13-2.43-6.48-2.43-20.25v-29.97q0-140.13-63.99-260.82-8.91 132.030-76.95 246.24-7.29 12.15-18.63 21.060t-24.704 13.77-27.134 4.86q-6.48 0-24.3-4.050-3.24-0.81-19.44-8.1-34.020-20.25-38.070-63.18v-2.43q-8.1-100.44-59.94-182.654t-136.89-128.384q-29.97-15.39-39.284-46.17t6.884-59.94q21.060-41.31 68.85-41.31 19.44 0 36.45 9.72 115.020 61.56 187.11 162-9.72-84.24-51.030-153.090-21.87-31.59-7.29-70.47 4.050-12.96 18.63-29.97 9.72-10.53 29.16-18.63 13.77-5.67 29.97-5.67 23.49 0 44.55 12.96 0 0.81 0.404 1.216l0.404 0.404 2.43 1.62q146.61 91.53 231.66 228.42 0 3.24 0.81 4.86-13.77-116.64-62.37-220.32-15.39-32.4-3.644-66.014t44.144-49.816q16.2-8.1 37.26-8.1 25.11 0 46.17 13.366t31.59 36.044zM2466.684 667.85q0 12.96 2.026 18.63t6.886 8.1 16.2 3.24q3.24 0.81 7.696 1.216t8.1 0.404 8.1 0.404 7.696 1.216l-23.49 13.77h-108.54q1.62-3.24 4.86-7.29t4.050-5.67 2.836-4.050 2.43-3.644 1.216-3.24 0.81-4.050v-104.894q0-93.96 3.24-180.63 0-17.82 1.62-55.89t1.62-42.93h-48.6l46.98-22.68h87.48q-14.58 8.1-19.844 14.58t-7.696 21.87q-5.67 47.79-5.67 209.79v141.75zM1298.664 579.56h123.12l-14.58 13.77q-5.67 4.050-7.29 10.53l-0.81 26.73v70.47l-82.62 19.44q-66.42 9.72-94.77 9.72-46.17 0-83.836-12.96t-62.37-34.020-41.714-48.6-24.3-55.89-7.29-57.51q0-42.12 16.2-81t44.954-68.85 73.71-47.79 98.414-17.82q44.55 0 87.48 11.34 41.31 12.15 76.14 35.64l-47.79 46.17-20.25 4.86 14.58-23.49q-11.34-10.53-19.036-16.606t-23.49-16.2-36.046-15.39-44.55-5.264q-68.85 0-114.21 47.384t-45.36 121.904q0 55.080 24.3 102.87t71.684 78.164 108.134 30.376q34.83 0 72.9-14.58v-93.15l-87.48 4.86zM1598.366 427.28q65.61 0 106.516 43.74t40.904 102.060q0 37.26-17.414 70.876t-54.27 56.294-84.644 22.68q-68.85 0-109.35-44.144t-40.5-100.846q0-62.37 44.954-106.514t113.806-44.144zM1926.414 427.28q64.8 0 105.704 43.74t40.906 102.060q0 59.13-42.526 104.49t-112.994 45.36q-68.85 0-109.756-44.144t-40.904-100.846q0-62.37 45.36-106.514t114.21-44.144zM2570.364 569.030q12.15 57.51 46.98 89.91t80.19 32.4q36.45 0 75.33-21.060l-33.21 30.78q-1.62 0.81-8.91 5.264t-11.34 6.076q-23.49 11.34-59.94 11.34-49.41 0-81.81-24.3-30.78-21.87-46.574-56.7t-15.796-72.090q0-45.36 22.68-79.38t53.864-49.004 64.394-14.986q34.020 0 63.18 17.82 29.97 21.060 43.74 61.56l-144.99 57.51zM2337.086 458.060h-38.88q11.34 9.72 18.63 17.010t16.606 26.324 9.316 40.096-8.91 38.88-17.82 26.73-25.92 21.87q-17.010 15.39-17.010 29.97 0 12.96 15.39 26.73l23.49 16.2q17.82 15.39 26.324 24.3t16.606 25.92 8.1 36.45q0 46.98-43.336 81.81t-118.664 34.83q-42.93 0-73.71-12.554t-44.954-32.4-14.176-43.336q0-19.44 11.34-39.69t36.45-34.83q38.88-23.49 118.26-28.35-6.48-8.1-9.316-12.15t-6.074-12.554-3.24-17.414q0-9.72 5.67-24.3-12.96 1.62-19.44 1.62-46.98 0-74.52-29.16t-27.54-68.040q0-50.22 38.88-81.81 40.5-34.020 110.97-34.020h126.36zM1666.404 673.52q18.63-24.3 18.63-68.85 0-22.68-5.67-48.196t-16.606-51.030-31.994-42.12-47.79-16.606q-31.59 0-55.89 21.87-28.35 24.3-28.35 74.52 0 24.3 6.076 51.030t18.224 52.246 33.21 41.716 47.79 16.2q17.82 0 35.234-8.1t27.134-22.68zM1994.454 673.52q17.82-25.92 17.82-68.85 0-22.68-5.67-48.196t-16.606-51.030-31.994-42.12-47.79-16.606q-31.59 0-55.080 21.87-28.35 24.3-28.35 74.52 0 24.3 6.076 51.030t17.82 52.246 32.806 41.716 47.79 16.2q17.82 0 35.234-8.1t27.944-22.68zM2682.954 518q0.81 0 1.62-0.81 5.67-2.43 8.506-4.050t4.86-4.454 2.026-6.884q0-19.44-18.63-36.45t-42.93-17.010q-7.29 0-16.2 2.43t-18.63 8.91-17.414 15.796-12.96 24.704-5.264 34.020q0 9.72 1.62 32.4zM2273.094 614.39q14.58-15.39 14.58-44.55 0-23.49-8.506-49.004t-26.73-45.36-41.716-19.846q-26.73 0-43.74 21.060-13.77 17.010-13.77 45.36 0 22.68 7.696 46.98t26.324 43.336 42.93 19.034q23.49 0 42.93-17.010zM2321.696 813.65q0-15.39-8.1-28.754t-20.656-24.3-38.474-29.566q-4.86-0.81-13.77-0.81-34.83 0-64.8 11.34-53.46 17.82-53.46 62.37 0 33.21 29.97 54.27t78.57 21.060q42.93 0 66.824-18.226t23.894-47.384zM552.654 846.86v0z"
        ],
        "width": 2804,
        "attrs": [

        ],
        "isMulticolor": false,
        "tags": [
          "google_wallet"
        ],
        "defaultCode": 71,
        "grid": 10
      },
      "attrs": [

      ],
      "properties": {
        "id": 5,
        "order": 8,
        "prevSize": 5,
        "code": 71,
        "name": "google_wallet"
      },
      "setIdx": 0,
      "setId": 0,
      "iconIdx": 14
    },
    {
      "icon": {
        "paths": [
          "M883.4 34.56q34.2 0 58.5 24.75t24.3 58.95v754.2q0 34.2-24.3 58.95t-58.5 24.75h-748.8q-34.2 0-58.95-24.75t-24.75-58.95v-754.2q0-34.2 24.75-58.95t58.95-24.75h748.8zM948.2 118.26q0-27-18.9-46.35t-45.9-19.35h-748.8q-27 0-46.35 19.35t-19.35 46.35v754.2q0 27 19.35 46.35t46.35 19.35h748.8q27 0 45.9-19.35t18.9-46.35v-754.2zM867.2 223.56q-2.7-9-6.3-12.6-3.6-0.9-11.7 0-9.9 2.7-15.3 13.5-6.3 9.9-6.3 30.6 0 17.1 6.3 24.3 5.4 8.1 15.3 3.6 6.3-2.7 11.7-9 4.5-4.5 8.1-18l35.1-5.4q-0.9 13.5-9 29.7-7.2 16.2-17.1 23.4-12.6 10.8-27 14.4-19.8 5.4-26.1 3.6-12.6-1.8-18-7.2-8.1-7.2-12.6-18-3.6-14.4-3.6-31.5 0-21.6 5.4-37.8 1.8-7.2 10.8-21.6 7.2-12.6 12.6-16.2 8.1-8.1 28.8-14.4 23.4-8.1 36.9 0.9 12.6 8.1 18 29.7zM772.7 309.060q0 11.7 0.9 16.2 0 5.4 4.5 12.6l-36.9 10.8-1.8-7.2q-1.8-5.4-1.8-8.1-8.1 13.5-15.3 18-9 9-22.5 13.5-18.9 4.5-27-2.7-9.9-11.7-9.9-27t7.2-27.9q5.4-10.8 24.3-21.6 24.3-15.3 27-18 9-4.5 14.4-9.9 0-9-2.7-13.5-3.6-3.6-10.8-0.9-7.2 1.8-14.4 9-3.6 7.2-5.4 14.4l-36 5.4q2.7-14.4 6.3-22.5 1.8-7.2 9.9-17.1 9-7.2 15.3-10.8l19.8-8.1q19.8-4.5 27-4.5 9.9 0 18 5.4 4.5 4.5 7.2 13.5 2.7 10.8 2.7 20.7v60.3zM356.9 559.26q2.7 3.6 10.8 13.050t13.95 16.2 13.95 17.1 13.95 18.45 11.25 17.55 8.1 17.1 2.7 13.95v261h-155.7q-5.4-13.5-24.3-37.35t-18.9-40.95v-242.1q-8.1 3.6-44.55 15.75t-46.35 13.95q-2.7 0-8.55 0.45t-11.25-4.050-5.4-12.6v-298.8q0-17.1 18.9-25.2 89.1-36 196.2-70.2 10.8-2.7 18 1.8t7.2 16.2v308.7zM616.1 270.36q4.5-14.4 10.8-23.4 3.6-7.2 13.5-9.9 7.2-2.7 18 1.8l-10.8 41.4q-9.9-1.8-11.7-0.9-7.2 2.7-11.7 12.6-5.4 15.3-5.4 46.8v46.8l-37.8 10.8v-137.7l35.1-10.8v22.5zM346.1 256.86q0-3.6-0.9-6.75t-4.5-5.4-9-1.35l-118.8 41.4v324q13.5-4.5 19.8-8.1v-67.5q0-9.9 12.6-20.25t26.1-10.35q5.4 0 11.25 1.35t12.15 4.5 10.8 9.9 4.5 14.85v169.2h6.3v-134.1q29.7-8.1 29.7-20.7v-79.2l-37.8 11.7v-75.6q0-13.5-3.6-18.9-4.5-4.5-10.8-1.8-4.5 0.9-10.8 9.9-3.6 9.9-3.6 27.9v66.6l-37.8 11.7v-137.7l35.1-11.7v22.5q10.8-19.8 15.3-24.3 7.2-9 20.7-11.7 15.3-5.4 23.4 5.4 9.9 9 9.9 37.8v-123.3zM413.6 396.36q0 10.8 0.9 12.6 4.5 2.7 8.1 1.8 5.4-1.8 10.8-6.3l2.7 36q-15.3 8.1-26.1 11.7-15.3 4.5-20.7 1.8-6.3-3.6-9-12.6-4.5-9-4.5-33.3v-49.5l-13.5 5.4v-39.6l13.5-4.5v-25.2l37.8-37.8v52.2l21.6-6.3v38.7l-21.6 6.3v48.6zM560.3 367.56q-8.1 23.4-20.7 36.9-11.7 11.7-34.2 18.9-18 4.5-31.5 1.8-11.7-6.3-17.1-18.9-9-15.3-9-38.7 0-30.6 15.3-56.7 13.5-22.5 41.4-33.3 22.5-6.3 33.3-0.9 11.7 5.4 18 21.6 7.2 16.2 7.2 42.3v6.3l-76.5 22.5q1.8 14.4 4.5 17.1 7.2 9 15.3 4.5 6.3-1.8 10.8-7.2 2.7-2.7 6.3-9.9zM735.8 284.76q-0.9 0.9-7.2 5.4t-9.9 6.3q-12.6 9.9-14.4 12.6-2.7 5.4-2.7 9.9 0 8.1 2.7 10.8t9 0.9q4.5-0.9 12.6-7.2 5.4-8.1 8.1-13.5 1.8-9 1.8-17.1v-8.1zM166.1 302.76q-1.8 0.9-7.2 2.7t-8.55 3.15-7.65 3.15-7.2 3.6-5.4 4.050-4.050 4.95-1.35 6.3v294.3q0 10.8 12.6 10.8 9.9 0 28.8-10.8v-322.2zM523.4 333.36q0-14.4-5.4-21.6-4.5-4.5-12.6-2.7-7.2 2.7-14.4 15.3-3.6 7.2-3.6 19.8zM226.4 687.96q-4.5 0.9-19.35 5.85t-18.45 4.95q-13.5 0-21.15-10.35t-7.65-23.85q0-11.7 10.8-19.35t32.4-13.95 23.4-7.2v63.9zM226.4 750.060q-3.6 0.9-12.6 4.5t-15.3 5.4-9.9 1.8q-13.5 0-19.8-9.9t-6.3-18.9q0-10.8 8.1-18t15.75-9.45 22.95-5.4 17.1-3.15v53.1zM226.4 812.16q-21.6 11.7-30.6 11.7-33.3 0-33.3-31.5 0-4.5 2.25-8.55t5.85-6.75 8.55-4.95 9.9-4.050 10.8-3.15 10.35-1.8 9-1.35 7.2-1.8v52.2z"
        ],
        "width": 1018,
        "attrs": [

        ],
        "isMulticolor": false,
        "tags": [
          "interac"
        ],
        "defaultCode": 73,
        "grid": 10
      },
      "attrs": [

      ],
      "properties": {
        "id": 6,
        "order": 10,
        "prevSize": 5,
        "code": 73,
        "name": "interac"
      },
      "setIdx": 0,
      "setId": 0,
      "iconIdx": 15
    },
    {
      "icon": {
        "paths": [
          "M1035 452.4q-76-40-157-46-85-7-133 31.5t-48 112.5 48 112.5 133 31.5q79-6 157-46v89q-84 21-165 25-80 3-142.5-7t-101.5-29.5-64.5-48-35.5-60-10-67.5q0-46 17-83.5t55.5-69.5 110.5-47.5 171-11.5q36 2 77 8t65 12l23 5v89zM293 350.4h180v242q0 171-259 171-53 0-106.5-6.5t-80.5-12.5l-27-7v-89q97 46 180 46 53 0 83-28t30-74v-242zM1494 545.4q53 5 86.5 31.5t33.5 69.5q0 31-17.5 55t-47.5 36.5-68 12.5h-388v-400h380q51 2 83.5 28t32.5 70q0 36-25 62.5t-70 33.5v1zM1259 513.4h110q10 0 12-1 18-3 30-16.5t12-33.5q0-19-12-32.5t-30-16.5q-4-2-12-2h-110v102zM1380 685.4q11 0 13-1 19-3 31-17.5t12-35.5q0-14-5.5-25.5t-15-18.5-22.5-10l-13-1h-121v109h121z"
        ],
        "width": 1614,
        "attrs": [

        ],
        "isMulticolor": false,
        "tags": [
          "jcb"
        ],
        "defaultCode": 74,
        "grid": 10
      },
      "attrs": [

      ],
      "properties": {
        "id": 7,
        "order": 12,
        "prevSize": 5,
        "code": 74,
        "name": "jcb"
      },
      "setIdx": 0,
      "setId": 0,
      "iconIdx": 16
    },
    {
      "icon": {
        "paths": [
          "M901.208 576.678c-27.87 0-33.446 12.342-33.446 22.696 0 5.176 3.186 14.334 14.73 14.334 22.696 0 27.472-29.862 26.676-36.232-0.798 0-1.592-0.798-7.962-0.798zM574.32 526.112c-20.704 0-24.688 23.49-24.688 25.88h42.204c-0.398-1.99 3.584-25.88-17.52-25.88zM287.646 576.678c-27.87 0-33.446 12.342-33.446 22.696 0 5.176 3.186 14.334 14.732 14.334 22.696 0 27.474-29.862 26.676-36.232-0.798 0-1.592-0.798-7.964-0.798zM1089.142 530.092c-16.722 0-29.862 19.51-29.862 48.576 0 17.918 6.372 29.464 19.908 29.464 20.704 0 30.26-26.676 30.26-46.584 0.398-21.9-6.768-31.454-20.308-31.454zM845.068 202.41c-86.4 0-165.634 31.854-226.552 84.012 44.99 42.602 78.834 96.354 97.548 156.874h-16.722c-18.314-56.14-50.566-106.308-92.77-146.122-42.204 39.816-74.456 89.586-92.77 146.122h-16.724c19.51-62.91 55.742-119.048 103.522-162.050-62.51-54.15-143.736-86.8-232.524-86.8-196.69 0-355.954 159.264-355.954 355.952s159.264 355.952 355.954 355.952c88.79 0 170.014-32.65 232.524-86.4-43.002-39.020-76.448-87.992-97.152-143.336h17.122c19.112 48.576 48.576 91.974 86.002 127.012 37.428-35.038 66.89-78.438 86.002-127.012h17.12c-19.51 52.954-50.966 99.938-91.178 137.764 60.918 52.158 140.152 84.010 226.552 84.010 191.912 0 347.99-156.080 347.99-347.99s-156.078-347.99-347.99-347.99zM162.226 642.774l21.502-135.774-48.576 135.774h-25.88l-3.186-135.774-23.094 135.774h-36.632l30.26-180.366h55.342l1.592 110.688 37.426-110.688h59.724l-29.862 180.366h-38.622zM291.63 642.774l1.196-14.334c-0.798 0-11.944 17.52-39.020 17.52-13.934 0-36.632-7.564-36.632-40.612 0-42.204 34.242-56.14 67.288-56.14 5.178 0 16.324 0.798 16.324 0.798s1.196-2.39 1.196-9.556c0-11.548-10.352-13.138-24.288-13.138-24.688 0-41.408 6.768-41.408 6.768l5.574-32.65c0 0 19.908-8.362 45.788-8.362 13.538 0 52.158 1.592 52.158 45.788l-14.732 104.318h-33.446zM432.178 596.586c0 50.168-48.576 48.178-57.334 48.178-31.854 0-41.408-4.38-42.602-4.778l5.176-33.048c0-0.398 15.928 5.574 33.446 5.574 10.352 0 23.49-0.798 23.49-13.138 0-18.316-47.38-13.936-47.38-57.336 0-38.222 28.27-49.37 56.538-49.37 21.5 0 35.038 2.788 35.038 2.788l-4.778 33.446c0 0-20.704-1.592-25.88-1.592-13.536 0-20.704 2.788-20.704 12.344 0 19.51 44.99 9.954 44.99 56.936zM487.522 532.084l-10.75 65.696c-0.798 5.178 0.798 12.342 13.936 12.342 3.186 0 7.166-1.192 9.556-1.192l-4.778 32.25c-3.98 1.192-14.732 4.778-28.27 4.778-17.52 0-30.26-9.954-30.26-32.25 0-15.13 21.5-138.558 22.298-139.356h37.824l-3.98 22.298h18.712l-4.778 35.436h-19.51zM579.496 612.514c19.112 0 40.212-9.158 40.212-9.158l-6.77 36.63c0 0-12.342 6.37-39.816 6.37-30.26 0-65.298-12.74-65.298-66.096 0-46.188 28.27-87.198 66.092-87.198 41.408 0 54.15 30.26 54.15 55.344 0 9.952-4.778 34.64-4.778 34.64h-77.244c0-0.798-7.168 29.464 33.446 29.464zM705.314 538.852c-26.278-9.156-28.27 41.408-39.418 104.318h-39.020l23.49-146.522h35.436l-3.186 21.102c0 0 12.74-23.092 29.464-23.092 4.778 0 7.168 0.398 7.168 0.398-4.778 10.352-9.556 19.51-13.936 43.798zM814.012 640.78c0 0-20.308 5.178-33.048 5.178-44.99 0-68.086-31.058-68.086-78.438 0-71.27 42.602-109.096 86.4-109.096 19.51 0 42.602 9.158 42.602 9.158l-6.37 40.212c0 0-15.528-10.75-34.64-10.75-25.88 0-48.972 24.688-48.972 69.28 0 21.898 10.75 42.602 37.428 42.602 12.74 0 31.454-9.158 31.454-9.158l-6.768 41.010zM905.19 642.774l1.192-14.334c-0.798 0-11.944 17.52-39.020 17.52-13.936 0-36.63-7.564-36.63-40.612 0-42.204 34.242-56.14 67.288-56.14 5.178 0 16.324 0.798 16.324 0.798s1.192-2.39 1.192-9.556c0-11.548-10.352-13.138-24.288-13.138-24.688 0-41.408 6.768-41.408 6.768l5.574-32.65c0 0 19.908-8.362 45.788-8.362 13.538 0 52.158 1.592 52.158 45.788l-14.732 104.318c-0.398-0.398-33.446-0.398-33.446-0.398zM983.626 643.17h-39.020l23.49-146.522h35.436l-3.186 21.1c0 0 12.74-23.092 29.464-23.092 4.778 0 7.166 0.398 7.166 0.398-5.176 10.352-9.556 19.51-13.934 43.798-26.278-9.158-28.27 41.808-39.418 104.318zM1099.492 642.774l1.592-13.538c0 0-12.74 15.928-35.436 15.928-31.454 0-46.982-30.26-46.982-61.318 0-48.178 29.066-89.984 63.704-89.984 22.298 0 36.632 19.51 36.632 19.51l8.36-50.566h37.824l-29.066 179.968h-36.632zM1170.364 641.976c-1.99 1.192-3.582 1.592-5.574 1.592s-3.98-0.398-5.574-1.592c-1.99-1.192-3.186-2.39-4.378-4.38-1.196-1.99-1.592-3.584-1.592-5.574s0.398-3.98 1.592-5.574c1.192-1.99 2.388-3.186 4.378-4.38s3.582-1.592 5.574-1.592c1.99 0 3.98 0.398 5.574 1.592 1.99 0.798 3.186 2.39 4.38 4.38s1.592 3.582 1.592 5.574c0 1.99-0.398 3.98-1.592 5.574-1.196 1.99-2.788 3.582-4.38 4.38zM1169.17 623.66c-1.592-0.798-3.186-1.192-4.778-1.192s-3.186 0.398-4.778 1.192c-1.592 0.798-2.788 1.99-3.584 3.582s-1.192 3.186-1.192 4.778 0.398 3.186 1.192 4.778c0.798 1.592 1.99 2.788 3.584 3.584s3.186 1.192 4.778 1.192c1.592 0 3.186-0.398 4.778-1.192 1.592-0.798 2.788-1.99 3.582-3.584s1.192-3.186 1.192-4.778-0.398-3.186-1.192-4.778c-0.798-1.592-1.99-2.788-3.582-3.582zM1167.576 638.394l-1.196-1.99c-0.798-1.592-1.592-2.39-1.99-2.788s-0.798-0.398-1.592-0.398h-1.192v5.176h-1.99v-12.342h4.38c1.592 0 2.388 0 3.186 0.398s1.192 0.798 1.592 1.192c0.398 0.398 0.398 1.192 0.398 1.99s-0.398 1.592-0.798 2.39c-0.798 0.798-1.592 1.192-2.388 1.192 0.398 0 0.798 0.398 1.192 0.798s1.192 1.192 1.99 2.39l1.592 2.39h-3.186zM1166.78 629.632c0-0.398 0-0.798-0.398-0.798-0.398-0.398-0.398-0.398-0.798-0.798-0.398 0-1.192-0.398-1.99-0.398h-2.388v3.584h2.388c1.192 0 1.99 0 2.388-0.398 0.798-0.398 0.798-0.798 0.798-1.192z"
        ],
        "width": 1198,
        "attrs": [

        ],
        "isMulticolor": false,
        "tags": [
          "master"
        ],
        "defaultCode": 77,
        "grid": 10
      },
      "attrs": [

      ],
      "properties": {
        "id": 8,
        "order": 13,
        "prevSize": 5,
        "code": 77,
        "name": "master"
      },
      "setIdx": 0,
      "setId": 0,
      "iconIdx": 17
    },
    {
      "icon": {
        "paths": [
          "M1725 365.6h103l-85 384h-102zM273 366.6q47 0 79.5 34.5t19.5 95.5q-12 59-54.5 92.5t-100.5 33.5h-79l-28 127h-110l84-383h189zM1253 366.6q47 0 80 34.5t20 95.5q-8 39-30.5 68t-55 43.5-71.5 14.5h-78l-27 127h-110l84-383h188zM411 463.6q5-1 21.5-5t27.5-6.5 29-5 35-2.5q28-1 52.5 4t45 16 29 33 1.5 52l-42 200h-101l7-30q-21 21-53 30t-60.5 4.5-45.5-31.5-9-71q11-52 62.5-74.5t140.5-22.5q3-15-3-24t-18-12.5-32-2.5q-26 1-56 8t-40 13zM1393 463.6q6-1 17.5-4t21.5-5.5 22.5-4.5 26-3.5 27.5-1.5q29-1 53.5 4t45 16 29.5 33 2 52l-43 200h-102l7-30q-21 21-53.5 30t-61.5 4.5-46-31.5-9-71q7-36 35-57.5t69-30.5 101-9q5-23-8.5-31.5t-44.5-7.5q-18 0-39 4t-36.5 8.5-23.5 8.5zM205 549.6q14 0 27.5-7t23-19 12.5-27q6-22-5-37t-32-15h-53l-24 105h51zM1186 549.6q21 0 40-15.5t24-37.5-6.5-37-31.5-15h-56l-22 105h52zM698 450.6l41 301-74 126h113l240-427h-104l-100 178-16-178h-100zM532 649.6q0-10 5-27h-26q-47 0-60 25-10 18-0.5 30t27.5 12q44-2 54-40zM1515 649.6q2-17 6-27h-25q-50 0-61 25-10 18-0.5 30t27.5 12q45-2 53-40z"
        ],
        "width": 1828,
        "attrs": [

        ],
        "isMulticolor": false,
        "tags": [
          "paypal"
        ],
        "defaultCode": 80,
        "grid": 10
      },
      "attrs": [

      ],
      "properties": {
        "id": 9,
        "order": 15,
        "prevSize": 5,
        "code": 80,
        "name": "paypal"
      },
      "setIdx": 0,
      "setId": 0,
      "iconIdx": 18
    },
    {
      "icon": {
        "paths": [
          "M736 374.4q24 0 40-16.5t16-39.5-16-39.5-40-16.5q-15 0-28 7.5t-20 20.5-7 28q0 23 16 39.5t39 16.5zM439 642.4q-2 0-8.5 1t-12 2-11.5 1.5-8 0.5q-10 0-14.5-5.5t-4.5-20.5v-138h45l14-71h-59v-94l-97 24-15 70h-42v71h42v159q0 18 3.5 32t9 23.5 13.5 16 15.5 10 17.5 5.5 16.5 2.5 15.5 0.5q40 0 80-10v-80zM137 528.4q-13-6-17-8t-7.5-6.5-3.5-10.5q0-16 24-16 33 0 70 13v-79q-39-14-82-14-23 0-43 4.5t-38.5 15-29 31.5-10.5 51q0 61 64 91l14 7q15 6 21 11t6 13q0 19-31 19-25 0-70-15v82q51 15 91 15 120 0 120-107 0-21-6-37t-17-26.5-20.5-16-22.5-11.5zM575 511.4q20-10 37-10 21 0 41 6v-94q-8-6-34-6-40 0-50 36l-17-31h-89v314h112v-215zM952 725.4q26 7 40 7 12 0 20-0.5t22-4 23.5-9.5 21-18 18.5-29 12-44 5-60q0-43-6.5-73.5t-15.5-47-23.5-25.5-26.5-11.5-28-2.5q-39 0-67 26l-16-21h-91v426h112v-113zM1407 607.4v-37q0-89-32.5-126t-91.5-37q-139 0-139 163 0 43 10 74.5t24 48 37 26 41 11.5 44 2q47 0 92-16v-82q-74 13-92 13-15 0-24-2.5t-14.5-12-5.5-25.5h151zM793 726.4v-314h-112v314h112zM1256 546.4v-12t0.5-12 0.5-11 1-10.5 2-8.5 3-7.5 5-5.5 6.5-4 8.5-1q7 0 11.5 4.5t6 16.5 2 21.5 0.5 29.5h-47zM952 499.4q14-10 26-10 15 0 20 14t5 64q0 49-8 67.5t-24 18.5q-10 0-19-3v-151z"
        ],
        "width": 1408,
        "attrs": [

        ],
        "isMulticolor": false,
        "tags": [
          "stripe"
        ],
        "defaultCode": 83,
        "grid": 10
      },
      "attrs": [

      ],
      "properties": {
        "id": 10,
        "order": 16,
        "prevSize": 5,
        "code": 83,
        "name": "stripe"
      },
      "setIdx": 0,
      "setId": 0,
      "iconIdx": 19
    },
    {
      "icon": {
        "paths": [
          "M1000.994 215.464q-41.73 61.552-100.154 104.326 0 4.174 1.044 13.040t1.044 13.040q0 81.376-23.996 162.75t-73.028 155.448-116.326 131.452-161.706 91.808-202.916 34.428q-169.010 0-308.808-90.764 29.212 2.086 47.99 2.086 140.842 0 251.428-85.548-65.726-1.044-117.368-40.166t-72.508-100.674q17.736 4.174 38.6 4.174 28.168 0 53.206-8.346-69.9-14.606-115.802-69.9t-45.904-127.278v-2.086q39.646 20.866 90.764 22.952-40.686-27.126-64.684-71.464t-23.996-95.46q0-52.164 26.082-102.24 76.16 94.938 184.138 149.71t234.214 61.032q-7.302-26.082-7.302-45.904 0-83.462 59.468-142.406t145.014-58.944q41.73 0 80.332 16.692t65.726 46.948q68.856-13.562 128.322-49.034-21.908 70.942-88.678 111.63 63.64-8.346 115.802-31.298z"
        ],
        "width": 1018,
        "attrs": [

        ],
        "isMulticolor": false,
        "tags": [
          "twitter"
        ],
        "defaultCode": 84,
        "grid": 10
      },
      "attrs": [

      ],
      "properties": {
        "id": 11,
        "order": 17,
        "prevSize": 5,
        "code": 84,
        "name": "twitter"
      },
      "setIdx": 0,
      "setId": 0,
      "iconIdx": 20
    },
    {
      "icon": {
        "paths": [
          "M981 433.4q-40-18-83-17-31 0-47.5 11.5t-16.5 26 14.5 26 48.5 28.5q95 43 94 117 0 68-53 108.5t-142 40.5q-74-1-125-23l15-98 14 8q57 23 106 23 27 0 47-11.5t21-32.5q0-14-13-25.5t-47-28.5q-19-10-33.5-19t-30.5-23.5-25-34-9-41.5q1-63 54.5-102.5t136.5-39.5q53 0 100 17l-14 95zM513 334.4l-177 434h-118l-92-346q48 19 87.5 58t56.5 85q-62-171-270-223l1-8h181q42 0 51 35l39 200 13 60 109-295h119zM671 334.4l-70 434h-112l70-434h112zM1385 768.4h-105q-8-51-12-65l-144-1-23 66h-119l167-399q15-35 59-35h86zM1217 450.4q-3 8-7 18.5t-6.5 17.5-1.5 6q-36 96-45 122h91l-24-126z"
        ],
        "width": 1386,
        "attrs": [

        ],
        "isMulticolor": false,
        "tags": [
          "visa"
        ],
        "defaultCode": 86,
        "grid": 10
      },
      "attrs": [

      ],
      "properties": {
        "id": 12,
        "order": 18,
        "prevSize": 5,
        "code": 86,
        "name": "visa"
      },
      "setIdx": 0,
      "setId": 0,
      "iconIdx": 21
    },
    {
      "icon": {
        "paths": [
          "M520 198.4q97 0 180.5 44t135.5 126.5 52 183.5q0 94-51.5 175t-136.5 127.5-180 46.5h-166q-95 0-177-46.5t-129.5-127.5-47.5-175q0-102 48-183.5t128.5-126 177.5-44.5h166zM355 871.4q88 0 162-43t117-117 43-162q0-87-43-161t-117-117-162-43q-87 0-161 43t-117 117-43 161q0 88 43 162t117 117 161 43zM282 739.4q-58-22-94-74t-37-116q1-64 37.5-116.5t93.5-73.5v380zM429 359.4q57 21 93.5 73.5t36.5 116.5-36.5 116-93.5 74v-380z"
        ],
        "width": 888,
        "attrs": [

        ],
        "isMulticolor": false,
        "tags": [
          "diners_club"
        ],
        "defaultCode": 99,
        "grid": 10
      },
      "attrs": [

      ],
      "properties": {
        "id": 15,
        "order": 20,
        "prevSize": 5,
        "code": 99,
        "name": "diners_club"
      },
      "setIdx": 0,
      "setId": 0,
      "iconIdx": 22
    },
    {
      "icon": {
        "paths": [
          "M107 270.4q-21 2-51 20-26 16-41 43t-14 58q1 0 1-2h368q35 3 67 13 35 10 61.5 42t34.5 68q1-18 2-38.5t2-45.5 2-39h213q-3 20-5 45t-4 51.5-4 45.5q37-43 109-131 2-2 6-7t6-6h257q1-32-15-59.5t-44-42.5q-16-10-39.5-13t-44.5-1.5-45-0.5h-822zM1120 391.4l1 2 1-2h-2zM1117 392.4h-1q-13 10-26.5 23t-22.5 21.5-25 25.5-21 22-24.5 26.5-21.5 23.5l-2 2q8 10 23 29.5t23.5 31.5 22.5 29.5 25 31 24 29 26 28.5v-323zM205 594.4q10-1 36.5 0.5t43.5-1 30-12.5q22-19 21-38-4-14-14-22.5t-25-11-28-3-31 0-26 0.5zM737 547.4q-6 81-9 174-142-1-210 0 2-17 10-140-17 41-28 57-43 69-139 83h-360q0 24 8 45 12 29 39 49.5t57 21.5h892q31 0 52-11 31-13 50.5-43.5t17.5-63.5h-254.5t-5-1-5.5-3.5-3-6.5z"
        ],
        "width": 1122,
        "attrs": [

        ],
        "isMulticolor": false,
        "tags": [
          "dankort"
        ],
        "defaultCode": 100,
        "grid": 10
      },
      "attrs": [

      ],
      "properties": {
        "id": 16,
        "order": 21,
        "prevSize": 5,
        "code": 100,
        "name": "dankort"
      },
      "setIdx": 0,
      "setId": 0,
      "iconIdx": 23
    },
    {
      "icon": {
        "paths": [
          "M537.142 809.714q0-12-2.57-23.144t-5.428-20.572-10-19.714-12-17.428-15.144-16.856-15.714-14.572-18.286-14.572-17.714-13.144-18.858-13.144-17.428-12q-9.714-1.144-28.572-1.144-30.856 0-60.572 4t-61.714 14.286-56 26.286-39.43 42.856-15.43 61.144q0 38.858 20.288 69.428t53.144 48 68.858 26 72.572 8.57q33.714 0 64.286-7.144t57.43-22.286 42.572-42 15.714-62.856zM468.572 317.142q0-34.286-9.428-72.856t-26.856-74.572-48-59.428-68.286-23.428q-53.142 0-82.286 39.428t-29.144 94.286q0 26.856 6.57 56.57t20.288 59.428 32 53.428 44.572 38.572 55.428 14.856q55.428 0 80.286-34.572t24.858-91.714zM393.714 45.714h249.714l-77.144 45.142h-77.144q40.572 25.712 62.856 72t22.286 96.572q0 42.286-13.144 75.142t-32 52.856-37.714 36.856-32 34.856-13.142 38.572q0 14.856 9.428 29.144t24.572 27.428 33.428 27.428 36.572 31.716 33.428 37.714 24.572 48.572 9.428 60.856q0 91.428-80 161.144-86.856 74.856-240 74.856-33.714 0-68.286-5.714t-69.714-19.144-62.002-33.144-44-50.856-17.142-69.428q0-34.856 21.144-77.144 18.286-36.572 54.858-63.144t82.856-40.572 88.57-20.572 85.714-7.714q-36.57-47.428-36.57-85.144 0-6.856 1.142-13.428t2.856-11.144 4.572-12.286 4-12.286q-22.858 2.858-40 2.858-85.144 0-146-56t-60.856-140.572q0-80 54.286-143.144t133.714-80.858q53.714-11.43 106.856-11.43zM987.428 192v73.142h-146.286v146.286h-73.142v-146.286h-146.286v-73.142h146.286v-146.286h73.142v146.286h146.286z"
        ],
        "attrs": [

        ],
        "isMulticolor": false,
        "tags": [
          "google"
        ],
        "defaultCode": 103,
        "grid": 10
      },
      "attrs": [

      ],
      "properties": {
        "id": 18,
        "order": 23,
        "prevSize": 5,
        "code": 103,
        "name": "google"
      },
      "setIdx": 0,
      "setId": 0,
      "iconIdx": 24
    },
    {
      "icon": {
        "paths": [
          "M625.986 346.286q-58.702-41.216-131.142-41.216t-131.142 41.216h-350.962v-66.196q0-98.668 69.942-168.612t168.612-69.942h477.108q99.918 0 169.86 69.942t69.942 168.612v66.196h-342.218zM689.684 268.85q0 9.992 8.118 17.486t19.36 7.494h82.432q9.992 0 17.486-7.494t7.494-17.486v-82.432q0-11.24-7.494-19.36t-17.486-8.118h-82.432q-11.24 0-19.36 8.118t-8.118 19.36v82.432zM290.012 434.962q-22.482 48.71-22.482 94.922 0 94.922 66.82 161.742t160.494 66.82 160.494-66.82 66.82-161.742q0-48.71-21.232-94.922h267.282v327.232q0 98.668-70.566 168.612t-169.236 69.942h-477.108q-98.668 0-168.612-69.942t-69.942-168.612v-327.232h277.274zM588.518 529.884q0 39.968-27.476 67.444t-66.196 27.476-66.196-27.476-27.476-67.444q0-38.718 27.476-66.196t66.196-27.476 66.196 27.476 27.476 66.196z"
        ],
        "width": 1020,
        "attrs": [

        ],
        "isMulticolor": false,
        "tags": [
          "instagram"
        ],
        "defaultCode": 105,
        "grid": 10
      },
      "attrs": [

      ],
      "properties": {
        "id": 19,
        "order": 24,
        "prevSize": 5,
        "code": 105,
        "name": "instagram"
      },
      "setIdx": 0,
      "setId": 0,
      "iconIdx": 25
    },
    {
      "icon": {
        "paths": [
          "M716 441.4q-29-95-101-164 98-79 223-79 95 0 176 47t128.5 128.5 47.5 176.5-47.5 176.5-128.5 128.5-176 47q-125 0-223-79 72-69 101-164h-29q-28 83-92 146-65-62-93-146h-29q28 94 100 164-100 79-221 79-95 0-176.5-47t-128.5-128.5-47-176.5 47-176.5 128.5-128.5 176.5-47q121 0 221 79-72 70-100 164h29q28-84 93-146 64 63 92 146h29zM322 631.4l35-178h-70l-48 110-3-110h-68l-34 178h40l26-136 7 136h40l59-137-27 137h43zM812 597.4q-3 1-11 1-15 0-15-10 0-3 1-7l11-60h22l6-34h-22l6-34h-43l-21 110-1 12-2 14q-2 8-2 13 0 32 35 32 10 0 30-5zM476 554.4q4-21 4-29 0-10-3.5-18t-11-13.5-18-8.5-23.5-3-53 9l-6 32 4-1 7-2q18-4 35-4 28 0 28 14 0 1-0.5 4t-0.5 6q-7-2-18-2-37 0-57 15t-20 41q0 18 11 28.5t29 10.5q30 0 45-18v16h36v-4l1-6 1-7 2-9zM613 592.4q-21 8-46 8-37 0-37-25v-5h86q6-21 6-35 0-24-15.5-38.5t-43.5-14.5q-33 0-54.5 24.5t-21.5 61.5q0 65 74 65 25 0 45-5zM1067 565.4q1-8 1-17 0-29-18-47.5t-51-18.5q-38 0-61 24t-23 62q0 66 68 66 74 0 84-69zM739 486.4q-33-3-39-3-23 0-38 7t-21.5 17.5-6.5 24.5q0 27 34 39 1 1 3 2 9 4 12 5.5t4.5 4 1.5 5.5q0 13-26 13-14 0-39-5l-6 33h2l8 2q1 0 5 0.5t7 0.5q6 0 14 0.5t10 0.5q68 0 68-48 0-28-32-41-14-6-17-8t-3-6q0-13 22-13 7 0 31 2zM864 631.4q11-66 19-85.5t24-19.5h5l5 3 16-41q-4-2-6-2h-8q-19 0-37 22l4-21h-40l-26 144h44zM534 541.4q7-26 29-26 20 0 20 19 0 2-0.5 4t-0.5 3h-48zM999 517.4q23 0 23 30 0 3-0.5 8.5t-0.5 7.5q-2 11-8 19.5t-13 12.5-12 4q-25 0-25-33 0-18 10-33.5t26-15.5zM386 588.4q0-23 37-23 1 0 3.5 0.5t5.5 0.5q0 11-4 19t-11 12.5-16 4.5q-15 0-15-14z"
        ],
        "width": 1190,
        "attrs": [

        ],
        "isMulticolor": false,
        "tags": [
          "maestro"
        ],
        "defaultCode": 109,
        "grid": 10
      },
      "attrs": [

      ],
      "properties": {
        "id": 20,
        "order": 25,
        "prevSize": 5,
        "code": 109,
        "name": "maestro"
      },
      "setIdx": 0,
      "setId": 0,
      "iconIdx": 26
    },
    {
      "icon": {
        "paths": [
          "M954.368 871.424l-271.872-271.872c41.472-55.296 64.512-124.416 64.512-198.144-4.608-193.536-161.28-350.208-350.208-350.208s-345.6 156.672-345.6 345.6c0 188.928 156.672 345.6 345.6 345.6 73.728 0 142.848-23.040 198.144-64.512l271.872 271.872c23.040 23.040 64.512 27.648 87.552 4.608 23.040-18.432 23.040-59.904 0-82.944zM166.4 396.8c0-129.024 101.376-230.4 230.4-230.4s230.4 101.376 230.4 230.4-101.376 230.4-230.4 230.4c-129.024 0-230.4-101.376-230.4-230.4z"
        ],
        "attrs": [

        ],
        "isMulticolor": false,
        "tags": [
          "search"
        ],
        "defaultCode": 115,
        "grid": 10
      },
      "attrs": [

      ],
      "properties": {
        "id": 22,
        "order": 31,
        "prevSize": 5,
        "code": 115,
        "name": "search"
      },
      "setIdx": 0,
      "setId": 0,
      "iconIdx": 27
    },
    {
      "icon": {
        "paths": [
          "M223.91 442.308h96.716v327.588q0 59.278 13.26 97.498 14.822 35.1 46.018 62.4 30.418 28.078 80.336 46.018 47.578 16.38 108.414 16.38 53.038 0 99.056-11.7 39.778-7.798 103.736-38.22v-146.634q-64.736 44.458-134.154 44.458-34.318 0-68.638-17.94-20.28-13.26-30.418-36.662-7.798-25.738-7.798-103.736v-239.452h210.592v-146.634h-210.592v-234.77h-126.356q-6.24 66.298-30.418 117.778-24.178 49.918-60.838 79.558-38.22 35.88-88.918 51.476v132.592z"
        ],
        "attrs": [

        ],
        "isMulticolor": false,
        "tags": [
          "tumblr"
        ],
        "defaultCode": 116,
        "grid": 10
      },
      "attrs": [

      ],
      "properties": {
        "id": 23,
        "order": 27,
        "prevSize": 5,
        "code": 116,
        "name": "tumblr"
      },
      "setIdx": 0,
      "setId": 0,
      "iconIdx": 28
    },
    {
      "icon": {
        "paths": [
          "M10.988 348.858l46.018 61.618q63.958-47.578 77.218-47.578 50.698 0 94.378 161.456 11.7 44.46 38.22 144.684t41.338 154.044q57.718 161.456 145.074 161.456 138.836 0 336.946-266.75 194.212-253.49 201.232-400.904v-17.158q0-179.394-143.514-184.072h-10.918q-192.654 0-265.19 236.332 42.12-17.94 73.316-17.94 66.298 0 66.298 68.638 0 8.58-0.78 17.94-4.68 55.38-65.518 151.314-62.4 100.616-92.816 100.616-40.558 0-71.756-152.874-9.36-35.88-39.778-231.652-13.26-84.236-49.138-124.796-31.198-35.098-77.998-35.88-6.24 0-13.26 0.78-49.138 4.68-145.854 89.696-49.918 46.798-143.514 131.036z"
        ],
        "width": 1030,
        "attrs": [

        ],
        "isMulticolor": false,
        "tags": [
          "vimeo"
        ],
        "defaultCode": 118,
        "grid": 10
      },
      "attrs": [

      ],
      "properties": {
        "id": 24,
        "order": 28,
        "prevSize": 5,
        "code": 118,
        "name": "vimeo"
      },
      "setIdx": 0,
      "setId": 0,
      "iconIdx": 29
    },
    {
      "icon": {
        "paths": [
          "M-10.032 809.138q0 63 41.58 107.096t101.216 44.1h765.21q59.64 0 101.216-44.1t41.578-107.096v-608.976q0-63-42-108.356t-100.794-45.36h-765.21q-58.796 0-100.796 45.36t-42 108.356v608.976zM372.156 699.106v-388.906q0-5.88 3.36-9.24 2.52-0.84 4.2-0.84l4.2 0.84 366.224 194.872q3.36 3.36 3.36 8.4 0 3.36-3.36 6.72l-366.224 194.872q-1.678 1.678-3.36 1.678-3.36 0-5.040-1.678-3.36-3.36-3.36-6.72z"
        ],
        "width": 1066,
        "attrs": [

        ],
        "isMulticolor": false,
        "tags": [
          "youtube"
        ],
        "defaultCode": 121,
        "grid": 10
      },
      "attrs": [

      ],
      "properties": {
        "id": 26,
        "order": 29,
        "prevSize": 5,
        "code": 121,
        "name": "youtube"
      },
      "setIdx": 0,
      "setId": 0,
      "iconIdx": 30
    },
    {
      "icon": {
        "paths": [
          "M302.244 849.203c0 70.387-57.059 127.447-127.447 127.447s-127.447-57.059-127.447-127.447c0-70.387 57.059-127.447 127.447-127.447s127.447 57.059 127.447 127.447z",
          "M663.344 976.651h-180.551c0-240.026-195.419-435.443-435.443-435.443v0-180.551c339.858 0 615.996 276.134 615.996 615.996z",
          "M790.791 976.651c0-411.018-332.423-743.442-743.442-743.442v-185.86c512.976 0 929.3 416.326 929.3 929.3h-185.86z"
        ],
        "attrs": [

        ],
        "isMulticolor": false,
        "tags": [
          "rss"
        ],
        "defaultCode": 58880,
        "grid": 10
      },
      "attrs": [

      ],
      "properties": {
        "id": 27,
        "order": 30,
        "prevSize": 5,
        "code": 114,
        "name": "rss"
      },
      "setIdx": 0,
      "setId": 0,
      "iconIdx": 31
    }
  ],
  "height": 1024,
  "metadata": {
    "name": "icons"
  },
  "preferences": {
    "showGlyphs": true,
    "showQuickUse": true,
    "showQuickUse2": true,
    "showSVGs": true,
    "fontPref": {
      "prefix": "icon-",
      "metadata": {
        "fontFamily": "icons",
        "majorVersion": 1,
        "minorVersion": 0
      },
      "metrics": {
        "emSize": 1024,
        "baseline": 6.25,
        "whitespace": 50
      },
      "showMetrics": true,
      "showMetadata": true,
      "showVersion": true,
      "resetPoint": 58880,
      "showSelector": true
    },
    "imagePref": {
      "prefix": "icon-",
      "png": true,
      "useClassSelector": true,
      "color": 4473924,
      "bgColor": 16777215
    },
    "historySize": 100,
    "showCodes": true
  }
}