{
  "current": "Brooklyn",
  "presets": {
    "Brooklyn": {
      "ajax_cart_enable": true,
      "cart_notes_enable": false,
      "checkout_accent_color": "#c7ac7f",
      "checkout_banner_background_color": "#fff",
      "checkout_button_color": "#000000",
      "checkout_call_to_action_color": "#c7ac7f",
      "checkout_use_header_image": false,
      "collection_products_grid": "collage",
      "collection_sort_enable": false,
      "collection_tags_enable": true,
      "color_site_header": "#ffffff",
      "color_body_bg": "#ffffff",
      "color_body_text": "#1c1d1d",
      "color_borders": "#1c1d1d",
      "color_drawer_background": "#1c1d1d",
      "color_drawer_border": "#343535",
      "color_drawer_button": "#ffffff",
      "color_drawer_button_text": "#1c1d1d",
      "color_drawer_text": "#ffffff",
      "color_input": "#f6f6f6",
      "color_newsletter": "#f6f6f6",
      "color_primary": "#1c1d1d",
      "color_product_background": "#f7f7f7",
      "color_sale_tag": "#990000",
      "color_secondary": "#28abc8",
      "customer_layout": "customer_area",
      "favicon_enable": false,
      "footer_newsletter_enable": true,
      "footer_quicklinks_enable": true,
      "hero_home_auto": true,
      "hero_slide_1_cta": "Shop now",
      "hero_slide_1_enable": true,
      "hero_slide_1_heading": "Hero Banner",
      "hero_slide_1_link": "\/collections\/",
      "hero_slide_1_subheading": "An introductory",
      "hero_slide_1_text_color": "is-dark",
      "hero_slide_2_enable": false,
      "hero_slide_2_text_color": "is-dark",
      "hero_slide_3_enable": false,
      "hero_slide_3_text_color": "is-dark",
      "hero_slide_4_enable": false,
      "hero_slide_4_text_color": "is-dark",
      "hero_slide_5_enable": false,
      "hero_slide_5_text_color": "is-dark",
      "home_featured_collections_sort": "auto",
      "home_featured_products": "frontpage",
      "home_featured_products_grid": "collage",
      "home_hero_auto_speed": "7000",
      "home_page_content": "frontpage",
      "home_section_1": "hero",
      "home_section_2": "home-content",
      "home_section_3": "featured-collections",
      "home_section_4": "featured-products",
      "logo_max_width": "180",
      "logo_use_image": false,
      "logo_use_inverted": false,
      "product_vendor_enable": false,
      "product_zoom_enable": true,
      "share_facebook": true,
      "share_fancy": true,
      "share_google": true,
      "share_pinterest": true,
      "share_twitter": true,
      "social_facebook_link": "https:\/\/www.facebook.com\/shopify",
      "social_sharing_blog": true,
      "social_sharing_products": true,
      "social_sharing_style": "clean",
      "social_twitter_link": "https:\/\/twitter.com\/shopify",
      "type_accent_family": "Google_Montserrat_400_sans",
      "type_accent_spacing": true,
      "type_accent_transform": true,
      "type_base_family": "Google_Lato_400_sans",
      "type_base_italize_titles": true,
      "type_base_size": "16px",
      "type_header_base_size": "30px",
      "type_header_border_thickness": "1px",
      "type_header_family": "Google_Lato_700_sans"
    }
  }
}