[
  {
    "name": "theme_info",
    "logo": "https://cdn.shopify.com/s/global/branding/shopify_logo_256x256.png",
    "settings": [
      {
        "type": "header",
        "content": "Brooklyn by Shopify"
      },
      {
        "type": "paragraph",
        "content": "Brooklyn is a tailor-made theme for the modern apparel store. Features include a mobile-first responsive design, unique typography, an edge-to-edge homepage hero, a dynamic product grid, and product pages with at-a-glance availability for each size."
      },
      {
        "type": "paragraph",
        "content": "For support and customizations, read the [theme documentation](https://docs.shopify.com/manual/more/official-shopify-themes/brooklyn) or contact [theme-support@shopify.com](mailto:theme-support@shopify.com?subject=[Brooklyn]+Theme+Support)."
      }
    ]
  },
  {
    "name": "Colors",
    "settings": [
      {
        "type": "header",
        "content": "General"
      },
      {
        "type": "color",
        "id": "color_body_bg",
        "label": "Background"
      },
      {
        "type": "color",
        "id": "color_body_text",
        "label": "Text",
        "default": "#333333"
      },
      {
        "type": "color",
        "id": "color_borders",
        "label": "Line color",
        "default": "#e5e5e5"
      },
      {
        "type": "color",
        "id": "color_primary",
        "label": "Buttons",
        "default": "#204a80"
      },
      {
        "type": "color",
        "id": "color_secondary",
        "label": "Links & accent",
        "default": "#dcdcdc"
      },
      {
        "type": "color",
        "id": "color_product_background",
        "label": "Product backdrops"
      },
      {
        "type": "color",
        "id": "color_sale_tag",
        "label": "Sale tags"
      },
      {
        "type": "color",
        "id": "color_input",
        "label": "Form Fields"
      },
      {
        "type": "color",
        "id": "color_newsletter",
        "label": "Newsletter background",
        "default": "#f6f6f6"
      },
      {
        "type": "header",
        "content": "Drawers"
      },
      {
        "type": "color",
        "id": "color_drawer_background",
        "label": "Background",
        "default": "#1c1d1d"
      },
      {
        "type": "color",
        "id": "color_drawer_text",
        "label": "Text",
        "default": "#ffffff"
      },
      {
        "type": "color",
        "id": "color_drawer_border",
        "label": "Lines & borders",
        "default": "#373838"
      },
      {
        "type": "color",
        "id": "color_drawer_button",
        "label": "Buttons",
        "default": "#c7ac7e"
      },
      {
        "type": "color",
        "id": "color_drawer_button_text",
        "label": "Button text",
        "default": "#ffffff"
      }
    ]
  },
  {
    "name": "Typography",
    "settings": [
      {
        "type": "header",
        "content": "Headings"
      },
      {
        "type": "select",
        "id": "type_header_family",
        "label": "Font",
        "options": [
          {
            "value": "'Avant Garde', Avantgarde, 'Century Gothic', CenturyGothic, 'AppleGothic', sans-serif",
            "label": "Avant Garde",
            "group": "Sans-serif"
          },
          {
            "value": "'Gill Sans', 'Gill Sans MT', Calibri, sans-serif",
            "label": "Gill Sans",
            "group": "Sans-serif"
          },
          {
            "value": "'HelveticaNeue', 'Helvetica Neue', Helvetica, Arial, sans-serif",
            "label": "Helvetica Neue",
            "group": "Sans-serif"
          },
          {
            "value": "Arial, 'Helvetica Neue', Helvetica, sans-serif",
            "label": "Arial",
            "group": "Sans-serif"
          },
          {
            "value": "Candara, Calibri, Segoe, 'Segoe UI', Optima, Arial, sans-serif",
            "label": "Candara",
            "group": "Sans-serif"
          },
          {
            "value": "Geneva, Tahoma, Verdana, sans-serif",
            "label": "Geneva",
            "group": "Sans-serif"
          },
          {
            "value": "Google_Droid+Sans_400_sans",
            "label": "Droid Sans",
            "group": "Sans-serif | Google Web Fonts"
          },
          {
            "value": "Google_Droid+Sans_700_sans",
            "label": "Droid Sans Bold",
            "group": "Sans-serif | Google Web Fonts"
          },
          {
            "value": "Google_Lato_400_sans",
            "label": "Lato",
            "group": "Sans-serif | Google Web Fonts"
          },
          {
            "value": "Google_Lato_700_sans",
            "label": "Lato Bold",
            "group": "Sans-serif | Google Web Fonts"
          },
          {
            "value": "Google_Montserrat_400_sans",
            "label": "Montserrat",
            "group": "Sans-serif | Google Web Fonts"
          },
          {
            "value": "Google_Montserrat_700_sans",
            "label": "Montserrat Bold",
            "group": "Sans-serif | Google Web Fonts"
          },
          {
            "value": "Google_Open+Sans_400_sans",
            "label": "Open Sans",
            "group": "Sans-serif | Google Web Fonts"
          },
          {
            "value": "Google_Open+Sans_700_sans",
            "label": "Open Sans Bold",
            "group": "Sans-serif | Google Web Fonts"
          },
          {
            "value": "Google_PT+Sans_400_sans",
            "label": "PT Sans",
            "group": "Sans-serif | Google Web Fonts"
          },
          {
            "value": "Google_PT+Sans_700_sans",
            "label": "PT Sans Bold",
            "group": "Sans-serif | Google Web Fonts"
          },
          {
            "value": "Google_Roboto_400_sans",
            "label": "Roboto",
            "group": "Sans-serif | Google Web Fonts"
          },
          {
            "value": "Google_Roboto_700_sans",
            "label": "Roboto Bold",
            "group": "Sans-serif | Google Web Fonts"
          },
          {
            "value": "Google_Source+Sans+Pro_400_sans",
            "label": "Source Sans Pro",
            "group": "Sans-serif | Google Web Fonts"
          },
          {
            "value": "Google_Source+Sans+Pro_700_sans",
            "label": "Source Sans Pro Bold",
            "group": "Sans-serif | Google Web Fonts"
          },
          {
            "value": "Google_Ubuntu_400_sans",
            "label": "Ubuntu",
            "group": "Sans-serif | Google Web Fonts"
          },
          {
            "value": "Google_Ubuntu_700_sans",
            "label": "Ubuntu Bold",
            "group": "Sans-serif | Google Web Fonts"
          },
          {
            "value": "'Big Caslon', 'Book Antiqua', 'Palatino Linotype', Georgia, serif",
            "label": "Big Calson",
            "group": "Serif"
          },
          {
            "value": "'Calisto MT', 'Bookman Old Style', Bookman, 'Goudy Old Style', Garamond, 'Hoefler Text', 'Bitstream Charter', Georgia, serif",
            "label": "Calisto MT",
            "group": "Serif"
          },
          {
            "value": "Baskerville, 'Baskerville Old Face', 'Hoefler Text', Garamond, 'Times New Roman', serif",
            "label": "Baskerville",
            "group": "Serif"
          },
          {
            "value": "Garamond, Baskerville, 'Baskerville Old Face', 'Hoefler Text', 'Times New Roman', serif",
            "label": "Garamond",
            "group": "Serif"
          },
          {
            "value": "TimesNewRoman, 'Times New Roman', Times, Baskerville, Georgia, serif",
            "label": "Times New Roman",
            "group": "Serif"
          },
          {
            "value": "Google_Arvo_400_serif",
            "label": "Arvo",
            "group": "Serif | Google Web Fonts"
          },
          {
            "value": "Google_Arvo_700_serif",
            "label": "Arvo Bold",
            "group": "Serif | Google Web Fonts"
          },
          {
            "value": "Google_Crimson+Text_400_serif",
            "label": "Crimson Text",
            "group": "Serif | Google Web Fonts"
          },
          {
            "value": "Google_Crimson+Text_700_serif",
            "label": "Crimson Text Bold",
            "group": "Serif | Google Web Fonts"
          },
          {
            "value": "Google_Droid+Serif_400_serif",
            "label": "Droid Serif",
            "group": "Serif | Google Web Fonts"
          },
          {
            "value": "Google_Droid+Serif_700_serif",
            "label": "Droid Serif Bold",
            "group": "Serif | Google Web Fonts"
          },
          {
            "value": "Google_Lora_400_serif",
            "label": "Lora",
            "group": "Serif | Google Web Fonts"
          },
          {
            "value": "Google_Lora_700_serif",
            "label": "Lora Bold",
            "group": "Serif | Google Web Fonts"
          },
          {
            "value": "Google_Old+Standard+TT_400_serif",
            "label": "Old Standard",
            "group": "Serif | Google Web Fonts"
          },
          {
            "value": "Google_Old+Standard+TT_700_serif",
            "label": "Old Standard Bold",
            "group": "Serif | Google Web Fonts"
          },
          {
            "value": "Google_PT+Serif_400_serif",
            "label": "PT Serif",
            "group": "Serif | Google Web Fonts"
          },
          {
            "value": "Google_PT+Serif_700_serif",
            "label": "PT Serif Bold",
            "group": "Serif | Google Web Fonts"
          },
          {
            "value": "Google_Vollkorn_400_serif",
            "label": "Vollkorn",
            "group": "Serif | Google Web Fonts"
          },
          {
            "value": "Google_Vollkorn_700_serif",
            "label": "Vollkorn Bold",
            "group": "Serif | Google Web Fonts"
          }
        ]
      },
      {
        "type": "select",
        "id": "type_header_base_size",
        "label": "Base size",
        "options": [
          {
            "value": "26px",
            "label": "26px"
          },
          {
            "value": "28px",
            "label": "28px"
          },
          {
            "value": "30px",
            "label": "30px"
          },
          {
            "value": "32px",
            "label": "32px"
          },
          {
            "value": "34px",
            "label": "34px"
          }
        ]
      },
      {
        "type": "select",
        "id": "type_header_border_thickness",
        "label": "Underline thickness",
        "options": [
          {
            "value": "1px",
            "label": "Light"
          },
          {
            "value": "2px",
            "label": "Medium"
          },
          {
            "value": "3px",
            "label": "Bold"
          }
        ]
      },
      {
        "type": "header",
        "content": "Accent text",
        "info": "Used for navigation, buttons, small headings"
      },
      {
        "type": "select",
        "id": "type_accent_family",
        "label": "Font",
        "options": [
          {
            "value": "'Avant Garde', Avantgarde, 'Century Gothic', CenturyGothic, 'AppleGothic', sans-serif",
            "label": "Avant Garde",
            "group": "Sans-serif"
          },
          {
            "value": "'Gill Sans', 'Gill Sans MT', Calibri, sans-serif",
            "label": "Gill Sans",
            "group": "Sans-serif"
          },
          {
            "value": "'HelveticaNeue', 'Helvetica Neue', Helvetica, Arial, sans-serif",
            "label": "Helvetica Neue",
            "group": "Sans-serif"
          },
          {
            "value": "Arial, 'Helvetica Neue', Helvetica, sans-serif",
            "label": "Arial",
            "group": "Sans-serif"
          },
          {
            "value": "Candara, Calibri, Segoe, 'Segoe UI', Optima, Arial, sans-serif",
            "label": "Candara",
            "group": "Sans-serif"
          },
          {
            "value": "Geneva, Tahoma, Verdana, sans-serif",
            "label": "Geneva",
            "group": "Sans-serif"
          },
          {
            "value": "Google_Droid+Sans_400_sans",
            "label": "Droid Sans",
            "group": "Sans-serif | Google Web Fonts"
          },
          {
            "value": "Google_Droid+Sans_700_sans",
            "label": "Droid Sans Bold",
            "group": "Sans-serif | Google Web Fonts"
          },
          {
            "value": "Google_Lato_400_sans",
            "label": "Lato",
            "group": "Sans-serif | Google Web Fonts"
          },
          {
            "value": "Google_Lato_700_sans",
            "label": "Lato Bold",
            "group": "Sans-serif | Google Web Fonts"
          },
          {
            "value": "Google_Montserrat_400_sans",
            "label": "Montserrat",
            "group": "Sans-serif | Google Web Fonts"
          },
          {
            "value": "Google_Montserrat_700_sans",
            "label": "Montserrat Bold",
            "group": "Sans-serif | Google Web Fonts"
          },
          {
            "value": "Google_Open+Sans_400_sans",
            "label": "Open Sans",
            "group": "Sans-serif | Google Web Fonts"
          },
          {
            "value": "Google_Open+Sans_700_sans",
            "label": "Open Sans Bold",
            "group": "Sans-serif | Google Web Fonts"
          },
          {
            "value": "Google_PT+Sans_400_sans",
            "label": "PT Sans",
            "group": "Sans-serif | Google Web Fonts"
          },
          {
            "value": "Google_PT+Sans_700_sans",
            "label": "PT Sans Bold",
            "group": "Sans-serif | Google Web Fonts"
          },
          {
            "value": "Google_Roboto_400_sans",
            "label": "Roboto",
            "group": "Sans-serif | Google Web Fonts"
          },
          {
            "value": "Google_Roboto_700_sans",
            "label": "Roboto Bold",
            "group": "Sans-serif | Google Web Fonts"
          },
          {
            "value": "Google_Source+Sans+Pro_400_sans",
            "label": "Source Sans Pro",
            "group": "Sans-serif | Google Web Fonts"
          },
          {
            "value": "Google_Source+Sans+Pro_700_sans",
            "label": "Source Sans Pro Bold",
            "group": "Sans-serif | Google Web Fonts"
          },
          {
            "value": "Google_Ubuntu_400_sans",
            "label": "Ubuntu",
            "group": "Sans-serif | Google Web Fonts"
          },
          {
            "value": "Google_Ubuntu_700_sans",
            "label": "Ubuntu Bold",
            "group": "Sans-serif | Google Web Fonts"
          },
          {
            "value": "'Big Caslon', 'Book Antiqua', 'Palatino Linotype', Georgia, serif",
            "label": "Big Calson",
            "group": "Serif"
          },
          {
            "value": "'Calisto MT', 'Bookman Old Style', Bookman, 'Goudy Old Style', Garamond, 'Hoefler Text', 'Bitstream Charter', Georgia, serif",
            "label": "Calisto MT",
            "group": "Serif"
          },
          {
            "value": "Baskerville, 'Baskerville Old Face', 'Hoefler Text', Garamond, 'Times New Roman', serif",
            "label": "Baskerville",
            "group": "Serif"
          },
          {
            "value": "Garamond, Baskerville, 'Baskerville Old Face', 'Hoefler Text', 'Times New Roman', serif",
            "label": "Garamond",
            "group": "Serif"
          },
          {
            "value": "Georgia, 'Hoefler Text', 'Times New Roman', serif",
            "label": "Georgia",
            "group": "Serif"
          },
          {
            "value": "TimesNewRoman, 'Times New Roman', Times, Baskerville, Georgia, serif",
            "label": "Times New Roman",
            "group": "Serif"
          },
          {
            "value": "Google_Arvo_400_serif",
            "label": "Arvo",
            "group": "Serif | Google Web Fonts"
          },
          {
            "value": "Google_Arvo_700_serif",
            "label": "Arvo Bold",
            "group": "Serif | Google Web Fonts"
          },
          {
            "value": "Google_Crimson+Text_400_serif",
            "label": "Crimson Text",
            "group": "Serif | Google Web Fonts"
          },
          {
            "value": "Google_Crimson+Text_700_serif",
            "label": "Crimson Text Bold",
            "group": "Serif | Google Web Fonts"
          },
          {
            "value": "Google_Droid+Serif_400_serif",
            "label": "Droid Serif",
            "group": "Serif | Google Web Fonts"
          },
          {
            "value": "Google_Droid+Serif_700_serif",
            "label": "Droid Serif Bold",
            "group": "Serif | Google Web Fonts"
          },
          {
            "value": "Google_Lora_400_serif",
            "label": "Lora",
            "group": "Serif | Google Web Fonts"
          },
          {
            "value": "Google_Lora_700_serif",
            "label": "Lora Bold",
            "group": "Serif | Google Web Fonts"
          },
          {
            "value": "Google_PT+Serif_400_serif",
            "label": "PT Serif",
            "group": "Serif | Google Web Fonts"
          },
          {
            "value": "Google_PT+Serif_700_serif",
            "label": "PT Serif Bold",
            "group": "Serif | Google Web Fonts"
          },
          {
            "value": "Google_Vollkorn_400_serif",
            "label": "Vollkorn",
            "group": "Serif | Google Web Fonts"
          },
          {
            "value": "Google_Vollkorn_700_serif",
            "label": "Vollkorn Bold",
            "group": "Serif | Google Web Fonts"
          }
        ]
      },
      {
        "type": "checkbox",
        "id": "type_accent_transform",
        "label": "Capitalize"
      },
      {
        "type": "checkbox",
        "id": "type_accent_spacing",
        "label": "Letter spacing"
      },
      {
        "type": "header",
        "content": "Body text"
      },
      {
        "type": "select",
        "id": "type_base_family",
        "label": "Font",
        "options": [
          {
            "value": "'Avant Garde', Avantgarde, 'Century Gothic', CenturyGothic, 'AppleGothic', sans-serif",
            "label": "Avant Garde",
            "group": "Sans-serif"
          },
          {
            "value": "'Gill Sans', 'Gill Sans MT', Calibri, sans-serif",
            "label": "Gill Sans",
            "group": "Sans-serif"
          },
          {
            "value": "'HelveticaNeue', 'Helvetica Neue', Helvetica, Arial, sans-serif",
            "label": "Helvetica Neue",
            "group": "Sans-serif"
          },
          {
            "value": "Arial, 'Helvetica Neue', Helvetica, sans-serif",
            "label": "Arial",
            "group": "Sans-serif"
          },
          {
            "value": "Candara, Calibri, Segoe, 'Segoe UI', Optima, Arial, sans-serif",
            "label": "Candara",
            "group": "Sans-serif"
          },
          {
            "value": "Geneva, Tahoma, Verdana, sans-serif",
            "label": "Geneva",
            "group": "Sans-serif"
          },
          {
            "value": "Google_Droid+Sans_400_sans",
            "label": "Droid Sans",
            "group": "Sans-serif | Google Web Fonts"
          },
          {
            "value": "Google_Droid+Sans_700_sans",
            "label": "Droid Sans Bold",
            "group": "Sans-serif | Google Web Fonts"
          },
          {
            "value": "Google_Lato_400_sans",
            "label": "Lato",
            "group": "Sans-serif | Google Web Fonts"
          },
          {
            "value": "Google_Lato_700_sans",
            "label": "Lato Bold",
            "group": "Sans-serif | Google Web Fonts"
          },
          {
            "value": "Google_Montserrat_400_sans",
            "label": "Montserrat",
            "group": "Sans-serif | Google Web Fonts"
          },
          {
            "value": "Google_Montserrat_700_sans",
            "label": "Montserrat Bold",
            "group": "Sans-serif | Google Web Fonts"
          },
          {
            "value": "Google_Open+Sans_400_sans",
            "label": "Open Sans",
            "group": "Sans-serif | Google Web Fonts"
          },
          {
            "value": "Google_Open+Sans_700_sans",
            "label": "Open Sans Bold",
            "group": "Sans-serif | Google Web Fonts"
          },
          {
            "value": "Google_PT+Sans_400_sans",
            "label": "PT Sans",
            "group": "Sans-serif | Google Web Fonts"
          },
          {
            "value": "Google_PT+Sans_700_sans",
            "label": "PT Sans Bold",
            "group": "Sans-serif | Google Web Fonts"
          },
          {
            "value": "Google_Roboto_400_sans",
            "label": "Roboto",
            "group": "Sans-serif | Google Web Fonts"
          },
          {
            "value": "Google_Roboto_700_sans",
            "label": "Roboto Bold",
            "group": "Sans-serif | Google Web Fonts"
          },
          {
            "value": "Google_Source+Sans+Pro_400_sans",
            "label": "Source Sans Pro",
            "group": "Sans-serif | Google Web Fonts"
          },
          {
            "value": "Google_Source+Sans+Pro_700_sans",
            "label": "Source Sans Pro Bold",
            "group": "Sans-serif | Google Web Fonts"
          },
          {
            "value": "Google_Ubuntu_400_sans",
            "label": "Ubuntu",
            "group": "Sans-serif | Google Web Fonts"
          },
          {
            "value": "Google_Ubuntu_700_sans",
            "label": "Ubuntu Bold",
            "group": "Sans-serif | Google Web Fonts"
          },
          {
            "value": "'Big Caslon', 'Book Antiqua', 'Palatino Linotype', Georgia, serif",
            "label": "Big Calson",
            "group": "Serif"
          },
          {
            "value": "'Calisto MT', 'Bookman Old Style', Bookman, 'Goudy Old Style', Garamond, 'Hoefler Text', 'Bitstream Charter', Georgia, serif",
            "label": "Calisto MT",
            "group": "Serif"
          },
          {
            "value": "Baskerville, 'Baskerville Old Face', 'Hoefler Text', Garamond, 'Times New Roman', serif",
            "label": "Baskerville",
            "group": "Serif"
          },
          {
            "value": "Garamond, Baskerville, 'Baskerville Old Face', 'Hoefler Text', 'Times New Roman', serif",
            "label": "Garamond",
            "group": "Serif"
          },
          {
            "value": "Georgia, 'Hoefler Text', 'Times New Roman', serif",
            "label": "Georgia",
            "group": "Serif"
          },
          {
            "value": "TimesNewRoman, 'Times New Roman', Times, Baskerville, Georgia, serif",
            "label": "Times New Roman",
            "group": "Serif"
          },
          {
            "value": "Google_Arapey_400_serif",
            "label": "Arapey",
            "group": "Serif | Google Web Fonts"
          },
          {
            "value": "Google_Arvo_400_serif",
            "label": "Arvo",
            "group": "Serif | Google Web Fonts"
          },
          {
            "value": "Google_Arvo_700_serif",
            "label": "Arvo Bold",
            "group": "Serif | Google Web Fonts"
          },
          {
            "value": "Google_Crimson+Text_400_serif",
            "label": "Crimson Text",
            "group": "Serif | Google Web Fonts"
          },
          {
            "value": "Google_Crimson+Text_700_serif",
            "label": "Crimson Text Bold",
            "group": "Serif | Google Web Fonts"
          },
          {
            "value": "Google_Droid+Serif_400_serif",
            "label": "Droid Serif",
            "group": "Serif | Google Web Fonts"
          },
          {
            "value": "Google_Droid+Serif_700_serif",
            "label": "Droid Serif Bold",
            "group": "Serif | Google Web Fonts"
          },
          {
            "value": "Google_Lora_400_serif",
            "label": "Lora",
            "group": "Serif | Google Web Fonts"
          },
          {
            "value": "Google_Lora_700_serif",
            "label": "Lora Bold",
            "group": "Serif | Google Web Fonts"
          },
          {
            "value": "Google_PT+Serif_400_serif",
            "label": "PT Serif",
            "group": "Serif | Google Web Fonts"
          },
          {
            "value": "Google_PT+Serif_700_serif",
            "label": "PT Serif Bold",
            "group": "Serif | Google Web Fonts"
          },
          {
            "value": "Google_Vollkorn_400_serif",
            "label": "Vollkorn",
            "group": "Serif | Google Web Fonts"
          },
          {
            "value": "Google_Vollkorn_700_serif",
            "label": "Vollkorn Bold",
            "group": "Serif | Google Web Fonts"
          }
        ]
      },
      {
        "type": "select",
        "id": "type_base_size",
        "label": "Base size",
        "options": [
          {
            "value": "14px",
            "label": "14px"
          },
          {
            "value": "15px",
            "label": "15px"
          },
          {
            "value": "16px",
            "label": "16px"
          },
          {
            "value": "17px",
            "label": "17px"
          }
        ]
      },
      {
        "type": "checkbox",
        "id": "type_base_italize_titles",
        "label": "Italicize titles, dates, etc."
      }
    ]
  },
  {
    "name": "Header",
    "settings": [
      {
        "type": "header",
        "content": "Logo"
      },
      {
        "type": "checkbox",
        "id": "logo_use_image",
        "label": "Use custom logo"
      },
      {
        "type": "image",
        "id": "logo.png",
        "label": "Logo image",
        "max-width": 450,
        "max-height": 200,
        "info": "Maximum logo dimensions are 450px wide by 200px high. The uploaded file will be resized to fit within those constraints."
      },
      {
        "type": "checkbox",
        "id": "logo_use_inverted",
        "label": "Use inverted logo"
      },
      {
        "type": "image",
        "id": "logo-inverted.png",
        "label": "Inverted logo",
        "max-width": 450,
        "max-height": 200,
        "info": "Optional. Used when on top of the Hero Slideshow for readability."
      },
      {
        "type": "text",
        "id": "logo_max_width",
        "label": "Max logo width",
        "info": "Defined in pixels. Do not add the 'px' unit."
      },
      {
        "type": "header",
        "content": "Favicon"
      },
      {
        "type": "checkbox",
        "id": "favicon_enable",
        "label": "Use custom icon?"
      },
      {
        "type": "image",
        "id": "favicon.png",
        "label": "16px x 16px png",
        "max-width": 16,
        "max-height": 16
      }
    ]
  },
  {
    "name": "Home",
    "settings": [
      {
        "type": "header",
        "content": "Sections"
      },
      {
        "type": "paragraph",
        "content": "Choose which sections to show on your home page and the order in which they should appear."
      },
      {
        "type": "select",
        "id": "home_section_1",
        "options": [
          {
            "value": "",
            "label": "(none)"
          },
          {
            "value": "hero",
            "label": "Hero Slideshow"
          },
          {
            "value": "featured-products",
            "label": "Featured Products"
          },
          {
            "value": "featured-collections",
            "label": "Featured Collections"
          },
          {
            "value": "home-content",
            "label": "Page Content"
          }
        ]
      },
      {
        "type": "select",
        "id": "home_section_2",
        "options": [
          {
            "value": "",
            "label": "(none)"
          },
          {
            "value": "hero",
            "label": "Hero Slideshow"
          },
          {
            "value": "featured-products",
            "label": "Featured Products"
          },
          {
            "value": "featured-collections",
            "label": "Featured Collections"
          },
          {
            "value": "home-content",
            "label": "Page Content"
          }
        ]
      },
      {
        "type": "select",
        "id": "home_section_3",
        "options": [
          {
            "value": "",
            "label": "(none)"
          },
          {
            "value": "hero",
            "label": "Hero Slideshow"
          },
          {
            "value": "featured-products",
            "label": "Featured Products"
          },
          {
            "value": "featured-collections",
            "label": "Featured Collections"
          },
          {
            "value": "home-content",
            "label": "Page Content"
          }
        ]
      },
      {
        "type": "select",
        "id": "home_section_4",
        "options": [
          {
            "value": "",
            "label": "(none)"
          },
          {
            "value": "hero",
            "label": "Hero Slideshow"
          },
          {
            "value": "featured-products",
            "label": "Featured Products"
          },
          {
            "value": "featured-collections",
            "label": "Featured Collections"
          },
          {
            "value": "home-content",
            "label": "Page Content"
          }
        ]
      },
      {
        "type": "paragraph",
        "content": "You can configure each section from the previous page. Each section can only be used once."
      }
    ]
  },
  {
    "name": "Home - Hero Slideshow",
    "settings": [
      {
        "type": "paragraph",
        "content": "You can turn this section on and off from the Home section. We recommend that you upload images that are at least 1000px wide."
      },
      {
        "type": "header",
        "content": "Options"
      },
      {
        "type": "checkbox",
        "id": "hero_home_auto",
        "label": "Auto rotate between slides"
      },
      {
        "type": "select",
        "id": "home_hero_auto_speed",
        "label": "Rotate every",
        "options": [
          {
            "value": "5000",
            "label": "5 seconds"
          },
          {
            "value": "7000",
            "label": "7 seconds"
          },
          {
            "value": "10000",
            "label": "10 seconds"
          }
        ]
      },
      {
        "type": "header",
        "content": "Slide 1"
      },
      {
        "type": "checkbox",
        "id": "hero_slide_1_enable",
        "label": "Enable slide 1"
      },
      {
        "type": "image",
        "id": "hero_slide_1.jpg",
        "label": "Image",
        "max-width": 1200
      },
      {
        "type": "select",
        "id": "hero_slide_1_text_color",
        "label": "Text color",
        "options": [
          {
            "value": "is-light",
            "label": "Light"
          },
          {
            "value": "is-dark",
            "label": "Dark"
          }
        ]
      },
      {
        "type": "text",
        "id": "hero_slide_1_subheading",
        "label": "Subheading text"
      },
      {
        "type": "text",
        "id": "hero_slide_1_heading",
        "label": "Heading text"
      },
      {
        "type": "text",
        "id": "hero_slide_1_cta",
        "label": "Button text"
      },
      {
        "type": "text",
        "id": "hero_slide_1_link",
        "label": "Link url"
      },
      {
        "type": "header",
        "content": "Slide 2"
      },
      {
        "type": "checkbox",
        "id": "hero_slide_2_enable",
        "label": "Enable slide 2"
      },
      {
        "type": "image",
        "id": "hero_slide_2.jpg",
        "label": "Image",
        "max-width": 1200
      },
      {
        "type": "select",
        "id": "hero_slide_2_text_color",
        "label": "Text color",
        "options": [
          {
            "value": "is-light",
            "label": "Light"
          },
          {
            "value": "is-dark",
            "label": "Dark"
          }
        ]
      },
      {
        "type": "text",
        "id": "hero_slide_2_subheading",
        "label": "Subheading text"
      },
      {
        "type": "text",
        "id": "hero_slide_2_heading",
        "label": "Heading text"
      },
      {
        "type": "text",
        "id": "hero_slide_2_cta",
        "label": "Button text"
      },
      {
        "type": "text",
        "id": "hero_slide_2_link",
        "label": "Link url"
      },
      {
        "type": "header",
        "content": "Slide 3"
      },
      {
        "type": "checkbox",
        "id": "hero_slide_3_enable",
        "label": "Enable slide 3"
      },
      {
        "type": "image",
        "id": "hero_slide_3.jpg",
        "label": "Image",
        "max-width": 1200
      },
      {
        "type": "select",
        "id": "hero_slide_3_text_color",
        "label": "Text color",
        "options": [
          {
            "value": "is-light",
            "label": "Light"
          },
          {
            "value": "is-dark",
            "label": "Dark"
          }
        ]
      },
      {
        "type": "text",
        "id": "hero_slide_3_subheading",
        "label": "Subheading text"
      },
      {
        "type": "text",
        "id": "hero_slide_3_heading",
        "label": "Heading text"
      },
      {
        "type": "text",
        "id": "hero_slide_3_cta",
        "label": "Button text"
      },
      {
        "type": "text",
        "id": "hero_slide_3_link",
        "label": "Link url"
      },
      {
        "type": "header",
        "content": "Slide 4"
      },
      {
        "type": "checkbox",
        "id": "hero_slide_4_enable",
        "label": "Enable slide 4"
      },
      {
        "type": "image",
        "id": "hero_slide_4.jpg",
        "label": "Image",
        "max-width": 1200
      },
      {
        "type": "select",
        "id": "hero_slide_4_text_color",
        "label": "Text color",
        "options": [
          {
            "value": "is-light",
            "label": "Light"
          },
          {
            "value": "is-dark",
            "label": "Dark"
          }
        ]
      },
      {
        "type": "text",
        "id": "hero_slide_4_subheading",
        "label": "Subheading text"
      },
      {
        "type": "text",
        "id": "hero_slide_4_heading",
        "label": "Heading text"
      },
      {
        "type": "text",
        "id": "hero_slide_4_cta",
        "label": "Button text"
      },
      {
        "type": "text",
        "id": "hero_slide_4_link",
        "label": "Link url"
      },
      {
        "type": "header",
        "content": "Slide 5"
      },
      {
        "type": "checkbox",
        "id": "hero_slide_5_enable",
        "label": "Enable slide 5"
      },
      {
        "type": "image",
        "id": "hero_slide_5.jpg",
        "label": "Image",
        "max-width": 1200
      },
      {
        "type": "select",
        "id": "hero_slide_5_text_color",
        "label": "Text color",
        "options": [
          {
            "value": "is-light",
            "label": "Light"
          },
          {
            "value": "is-dark",
            "label": "Dark"
          }
        ]
      },
      {
        "type": "text",
        "id": "hero_slide_5_subheading",
        "label": "Subheading text"
      },
      {
        "type": "text",
        "id": "hero_slide_5_heading",
        "label": "Heading text"
      },
      {
        "type": "text",
        "id": "hero_slide_5_cta",
        "label": "Button text"
      },
      {
        "type": "text",
        "id": "hero_slide_5_link",
        "label": "Link url"
      }
    ]
  },
  {
    "name": "Home - Featured Collections",
    "settings": [
      {
        "type": "paragraph",
        "content": "You can turn this section on and off in the Home section"
      },
      {
        "type": "radio",
        "id": "home_featured_collections_sort",
        "label": "Choose collections",
        "options": [
          {
            "value": "auto",
            "label": "Automatically (up to 9 featured)"
          },
          {
            "value": "manual",
            "label": "Manually (select below)"
          }
        ]
      },
      {
        "type": "collection",
        "id": "collection_1"
      },
      {
        "type": "collection",
        "id": "collection_2"
      },
      {
        "type": "collection",
        "id": "collection_3"
      },
      {
        "type": "collection",
        "id": "collection_4"
      },
      {
        "type": "collection",
        "id": "collection_5"
      },
      {
        "type": "collection",
        "id": "collection_6"
      },
      {
        "type": "collection",
        "id": "collection_7"
      },
      {
        "type": "collection",
        "id": "collection_8"
      },
      {
        "type": "collection",
        "id": "collection_9"
      }
    ]
  },
  {
    "name": "Home - Featured Products",
    "settings": [
      {
        "type": "paragraph",
        "content": "You can turn this section on and off in the Home section"
      },
      {
        "type": "collection",
        "id": "home_featured_products",
        "label": "Choose collection"
      }
    ]
  },
  {
    "name": "Home - Page Content",
    "settings": [
      {
        "type": "paragraph",
        "content": "You can turn this section on and off in the Home section"
      },
      {
        "type": "page",
        "id": "home_page_content",
        "label": "Choose page"
      }
    ]
  },
  {
    "name": "Products",
    "settings": [
      {
        "type": "select",
        "id": "collection_products_grid",
        "label": "Grid style",
        "options": [
          {
            "value": "collage",
            "label": "Collage"
          },
          {
            "value": "grid",
            "label": "Grid"
          }
        ]
      },
      {
        "type": "checkbox",
        "id": "collection_tags_enable",
        "label": "Show collection tags"
      },
      {
        "type": "checkbox",
        "id": "product_vendor_enable",
        "label": "Show product vendor"
      },
      {
        "type": "checkbox",
        "id": "product_zoom_enable",
        "label": "Enable zoom for images"
      },
      {
        "type": "checkbox",
        "id": "ajax_cart_enable",
        "label": "Enable slide-out shopping cart"
      },
      {
        "type": "checkbox",
        "id": "cart_notes_enable",
        "label": "Allow notes with orders"
      }
    ]
  },
  {
    "name": "Newsletter",
    "settings": [
      {
        "type": "checkbox",
        "id": "footer_newsletter_enable",
        "label": "Show newsletter field"
      },
      {
        "type": "text",
        "id": "newsletter_form_action",
        "label": "Newsletter form action url",
        "info": "[Where do I find this?](http:\/\/docs.shopify.com\/support\/configuration\/store-customization\/where-do-i-get-my-mailchimp-form-action)"
      }
    ]
  },
  {
    "name": "Social",
    "settings": [
      {
        "type": "header",
        "content": "Account Links"
      },
      {
        "type": "text",
        "id": "social_twitter_link",
        "label": "Twitter link"
      },
      {
        "type": "text",
        "id": "social_facebook_link",
        "label": "Facebook link"
      },
      {
        "type": "text",
        "id": "social_pinterest_link",
        "label": "Pinterest link"
      },
      {
        "type": "text",
        "id": "social_google_plus_link",
        "label": "Google plus link"
      },
      {
        "type": "text",
        "id": "social_instagram_link",
        "label": "Instagram link"
      },
      {
        "type": "text",
        "id": "social_tumblr_link",
        "label": "Tumblr link"
      },
      {
        "type": "text",
        "id": "social_youtube_link",
        "label": "Youtube link"
      },
      {
        "type": "text",
        "id": "social_vimeo_link",
        "label": "Vimeo link"
      },
      {
        "type": "text",
        "id": "social_fancy_link",
        "label": "Fancy link"
      },
      {
        "type": "header",
        "content": "Sharing"
      },
      {
        "type": "checkbox",
        "id": "social_sharing_products",
        "label": "Enable sharing for products"
      },
      {
        "type": "checkbox",
        "id": "social_sharing_blog",
        "label": "Enable sharing for blog articles"
      },
      {
        "type": "checkbox",
        "id": "share_facebook",
        "label": "Share on Facebook"
      },
      {
        "type": "checkbox",
        "id": "share_twitter",
        "label": "Tweet on Twitter"
      },
      {
        "type": "checkbox",
        "id": "share_pinterest",
        "label": "Pin on Pinterest"
      },
      {
        "type": "checkbox",
        "id": "share_fancy",
        "label": "Add to Fancy"
      },
      {
        "type": "checkbox",
        "id": "share_google",
        "label": "+1 on Google Plus"
      }
    ]
  }
]
